Term1,Term2,Term3,TrigramFreq,BigramContextFreq,TrigramProb
üôè,üèª,üôè,16,21,0.7619047619047619
üèª,üôè,üèª,16,16,1.0
?,?,&,14,23,0.6086956521739131
$,gracias,gabygod,12,18,0.6666666666666666
$,@,5215512499392,12,15,0.8
gracias,gabygod,&,11,14,0.7857142857142857
$,zi,&,9,9,1.0
?,?,?,9,23,0.391304347826087
@,5215512499392,&,8,19,0.42105263157894735
eliminaste,este,mensaje,7,7,1.0
este,mensaje,.,7,7,1.0
mensaje,.,&,7,7,1.0
$,eliminaste,este,7,7,1.0
$,si,gabygod,6,11,0.5454545454545454
gabygod,.,&,5,5,1.0
üôè,üèª,&,5,21,0.23809523809523808
@,5215565635201,&,5,9,0.5555555555555556
$,creo,que,4,9,0.4444444444444444
$,jajajaja,&,4,5,0.8
:,(,(,4,4,1.0
.,.,.,4,7,0.5714285714285714
$,no,nos,4,27,0.14814814814814814
$,no,te,3,27,0.1111111111111111
si,gabygod,&,3,6,0.5
(,(,(,3,7,0.42857142857142855
con,el,esponjosito,3,4,0.75
$,creo,&,3,9,0.3333333333333333
‚ö†,Ô∏è,‚ö†,3,4,0.75
Ô∏è,‚ö†,Ô∏è,3,3,1.0
$,jajajajajaja,&,3,3,1.0
$,@,5215565635201,3,15,0.2
$,oye,@,3,4,0.75
oye,@,5215512499392,3,3,1.0
(,(,&,3,7,0.42857142857142855
por,favor,&,3,4,0.75
.,.,&,3,7,0.42857142857142855
$,yo,tengo,3,10,0.3
$,asicierto,&,2,2,1.0
va,a,sacar,2,4,0.5
$,por,cierto,2,6,0.3333333333333333
$,por,favor,2,6,0.3333333333333333
$,neta,si,2,2,1.0
esponjosito,xd,&,2,2,1.0
$,.,&,2,2,1.0
wey,?,&,2,2,1.0
el,protocolo,&,2,6,0.3333333333333333
$,si,&,2,11,0.18181818181818182
$,y,al,2,10,0.2
$,lo,que,2,6,0.3333333333333333
y,al,final,2,2,1.0
la,metodolog√≠a,",",2,3,0.6666666666666666
pero,.,.,2,2,1.0
$,pero,.,2,8,0.25
es,cierto,gabygod,2,2,1.0
gabygod,",",no,2,11,0.18181818181818182
",",gracias,gabygod,2,3,0.6666666666666666
neta,si,trabajamos,2,2,1.0
no,nos,saques,2,4,0.5
üò¥,üò¥,üò¥,2,3,0.6666666666666666
$,gabyyy,&,2,2,1.0
de,nlp,?,2,4,0.5
$,hny,&,2,3,0.6666666666666666
del,equipo,por,2,4,0.5
ay,kabron,&,2,2,1.0
$,ay,kabron,2,5,0.4
lo,del,esponjosito,2,3,0.6666666666666666
nos,va,a,2,3,0.6666666666666666
si,gabygod,",",2,6,0.3333333333333333
nada,xd,&,2,2,1.0
$,se,esta,2,7,0.2857142857142857
$,rzagalf,&,2,2,1.0
7,de,octubre,2,2,1.0
$,gracias,&,2,18,0.1111111111111111
$,oigan,&,2,2,1.0
no,es,cierto,2,2,1.0
que,si,no,2,3,0.6666666666666666
este,es,un,2,2,1.0
es,un,mensaje,2,4,0.5
$,espero,que,2,2,1.0
se,me,olvid√≥,2,4,0.5
x2,gabygod,&,2,2,1.0
$,se,me,2,7,0.2857142857142857
esponjosito,?,?,2,2,1.0
$,ya,no,2,17,0.11764705882352941
no,me,gusta,2,3,0.6666666666666666
te,apoyamos,gabygod,2,2,1.0
los,gummyboys,te,2,3,0.6666666666666666
üßê,üßê,üßê,2,3,0.6666666666666666
gabygod,:,(,2,2,1.0
tengo,la,teor√≠a,2,2,1.0
$,lo,siento,2,6,0.3333333333333333
lo,que,nos,2,9,0.2222222222222222
$,ya,nos,2,17,0.11764705882352941
de,una,&,2,5,0.4
no,te,preocupes,2,4,0.5
a,su,madre,2,2,1.0
hola,gabygod,",",2,2,1.0
$,no,me,2,27,0.07407407407407407
@,5215512499392,hola,2,19,0.10526315789473684
$,yo,digo,2,10,0.2
$,buenas,noches,2,2,1.0
5215512499392,hola,gabygod,2,2,1.0
lo,que,esta,2,9,0.2222222222222222
te,preocupes,&,2,2,1.0
otra,pregunta,",",1,1,1.0
que,fecha,es,1,1,1.0
",",que,fecha,1,3,0.3333333333333333
",",bueno,casi,1,1,1.0
pregunta,",",que,1,1,1.0
y,volver,con,1,1,1.0
fases,y,el,1,1,1.0
$,otra,pregunta,1,1,1.0
metodolog√≠a,",",bueno,1,2,0.5
y,el,diagrama,1,1,1.0
sagal,.,&,1,1,1.0
dicho,sagal,.,1,1,1.0
el,diagrama,",",1,1,1.0
fecha,es,la,1,1,1.0
quedaron,las,fases,1,1,1.0
es,la,tentativa,1,1,1.0
las,fases,y,1,1,1.0
terminarlo,y,volver,1,1,1.0
la,tentativa,pa,1,1,1.0
viernes,?,&,1,1,1.0
el,viernes,?,1,1,1.0
ya,quedaron,las,1,1,1.0
?,el,viernes,1,1,1.0
sagal,?,el,1,1,1.0
con,sagal,?,1,1,1.0
casi,xd,ya,1,1,1.0
tentativa,pa,terminarlo,1,1,1.0
bueno,casi,xd,1,1,1.0
volver,con,sagal,1,1,1.0
pa,terminarlo,y,1,1,1.0
xd,ya,quedaron,1,1,1.0
pero,ya,ma√±anita,1,1,1.0
diagrama,",",solo,1,1,1.0
",",solo,voy,1,2,0.5
nos,podemos,dividir,1,1,1.0
si,nos,podemos,1,1,1.0
cronograma,si,nos,1,1,1.0
el,cronograma,si,1,2,0.5
para,el,cronograma,1,2,0.5
semma,",",scrum,1,1,1.0
",",para,el,1,2,0.5
",",scrum,",",1,1,1.0
scrum,",",prototipos,1,1,1.0
metodolog√≠a,",",para,1,2,0.5
",",prototipos,etc,1,1,1.0
a,la,metodolog√≠a,1,2,0.5
acuerdo,a,la,1,1,1.0
de,acuerdo,a,1,1,1.0
y,de,acuerdo,1,1,1.0
prototipos,etc,",",1,1,1.0
etc,",",hay,1,1,1.0
",",hay,muchos,1,1,1.0
hay,muchos,),1,1,1.0
$,y,de,1,10,0.1
ma√±anita,.,&,1,1,1.0
muchos,),pero,1,1,1.0
ya,ma√±anita,.,1,1,1.0
(,semma,",",1,1,1.0
podemos,dividir,1,1,1,1.0
dividir,1,cada,1,1,1.0
todos,asi,como,1,1,1.0
),pero,ya,1,1,1.0
voy,a,buscar,1,2,0.5
a,buscar,una,1,1,1.0
buscar,una,metodolog√≠a,1,1,1.0
una,metodolog√≠a,que,1,1,1.0
metodolog√≠a,que,nos,1,1,1.0
que,nos,permita,1,4,0.25
habia,dicho,sagal,1,1,1.0
como,habia,dicho,1,1,1.0
asi,como,habia,1,1,1.0
entre,todos,asi,1,1,1.0
1,cada,qui√©n,1,1,1.0
3,entre,todos,1,1,1.0
nos,permita,hacer,1,1,1.0
√∫ltimos,3,entre,1,1,1.0
permita,hacer,eso,1,1,1.0
hacer,eso,(,1,1,1.0
los,√∫ltimos,3,1,1,1.0
eso,(,semma,1,1,1.0
y,los,√∫ltimos,1,1,1.0
qui√©n,y,los,1,1,1.0
cada,qui√©n,y,1,1,1.0
solo,voy,a,1,1,1.0
$,buenos,dias,1,1,1.0
$,ahora,si,1,1,1.0
",",y,nosotros,1,2,0.5
y,nosotros,nerviosos,1,2,0.5
tranquila,y,nosotros,1,1,1.0
t√∫,tranquila,y,1,1,1.0
$,t√∫,tranquila,1,2,0.5
100,*,&,1,1,1.0
$,100,*,1,1,1.0
falta,gabygod,.,1,1,1.0
que,falta,gabygod,1,1,1.0
lo,que,falta,1,9,0.1111111111111111
rifamos,lo,que,1,1,1.0
nos,rifamos,lo,1,1,1.0
nosotros,nos,rifamos,1,1,1.0
y,nosotros,nos,1,2,0.5
),",",y,1,1,1.0
ahora,si,ya,1,1,1.0
bastante,),",",1,1,1.0
fue,bastante,),1,1,1.0
que,fue,bastante,1,1,1.0
(,que,fue,1,1,1.0
hicisteis,(,que,1,1,1.0
ya,hicisteis,(,1,1,1.0
que,ya,hicisteis,1,2,0.5
lo,que,ya,1,9,0.1111111111111111
nlp,lo,que,1,1,1.0
a,nlp,lo,1,2,0.5
presentamos,a,nlp,1,1,1.0
le,presentamos,a,1,1,1.0
ma√±ana,le,presentamos,1,1,1.0
nosotros,nerviosos,.,1,1,1.0
nerviosos,.,&,1,1,1.0
$,*,zona,1,2,0.5
*,zona,de,1,1,1.0
leer,xdxdxd,&,1,1,1.0
sabe,leer,xdxdxd,1,1,1.0
no,sabe,leer,1,1,1.0
promedio,no,sabe,1,1,1.0
escom,promedio,no,1,1,1.0
estudiantes,escom,promedio,1,1,1.0
el,estudiantes,escom,1,1,1.0
:,el,estudiantes,1,1,1.0
justificaci√≥n,:,el,1,1,1.0
$,justificaci√≥n,:,1,1,1.0
$,but,&,1,2,0.5
el,s√≥lo,&,1,1,1.0
protocolo,el,s√≥lo,1,1,1.0
el,protocolo,el,1,6,0.16666666666666666
escribiendo,el,protocolo,1,1,1.0
estaba,escribiendo,el,1,1,1.0
raz√≥n,estaba,escribiendo,1,1,1.0
con,raz√≥n,estaba,1,1,1.0
$,con,raz√≥n,1,4,0.25
nos,utilizo,&,1,1,1.0
solo,nos,utilizo,1,1,1.0
$,solo,nos,1,2,0.5
$,xdxdxdxd,&,1,1,1.0
fumar,*,&,1,1,1.0
no,fumar,*,1,1,1.0
de,no,fumar,1,1,1.0
zona,de,no,1,1,1.0
$,ma√±ana,le,1,3,0.3333333333333333
que,descanses,&,1,1,1.0
$,que,descanses,1,9,0.1111111111111111
$,te,creo,1,3,0.3333333333333333
no,sabemooos,aaaaaa,1,1,1.0
$,no,sabemooos,1,27,0.037037037037037035
146,xd,&,1,1,1.0
sale,146,xd,1,1,1.0
me,sale,146,1,1,1.0
tambi√©n,me,sale,1,1,1.0
$,tambi√©n,me,1,3,0.3333333333333333
la,matriz,&,1,1,1.0
y,la,matriz,1,2,0.5
vectorizardor,y,la,1,1,1.0
el,vectorizardor,y,1,1,1.0
$,el,vectorizardor,1,5,0.2
qued√≥,la,metodolog√≠a,1,1,1.0
el,test,normalizar,1,1,1.0
que,el,test,1,1,1.0
igual,que,el,1,1,1.0
al,igual,que,1,1,1.0
normalizado,al,igual,1,1,1.0
corpus,normalizado,al,1,1,1.0
el,corpus,normalizado,1,1,1.0
utilizar,el,corpus,1,1,1.0
$,utilizar,el,1,1,1.0
üò¥,üò¥,&,1,3,0.3333333333333333
mimir,üò¥,üò¥,1,1,1.0
a,mimir,üò¥,1,2,0.5
ya,a,mimir,1,1,1.0
si,ya,a,1,1,1.0
sabemooos,aaaaaa,&,1,1,1.0
te,creo,&,1,1,1.0
$,de,una,1,1,1.0
$,un,dato,1,2,0.5
que,enviarlos,&,1,1,1.0
ay,que,enviarlos,1,1,1.0
$,ay,que,1,5,0.2
18,gaby,&,1,1,1.0
al,18,gaby,1,1,1.0
10,al,18,1,1,1.0
del,10,al,1,1,1.0
$,del,10,1,1,1.0
contest√©,wey,&,1,1,1.0
le,contest√©,wey,1,1,1.0
hasta,le,contest√©,1,1,1.0
ya,hasta,le,1,1,1.0
$,ya,hasta,1,17,0.058823529411764705
ya,vali√≥,&,1,1,1.0
$,ya,vali√≥,1,17,0.058823529411764705
$,aaaaaaaaaaaaaa,&,1,1,1.0
pipa,jajsjss,&,1,1,1.0
es,pipa,jajsjss,1,1,1.0
$,es,pipa,1,3,0.3333333333333333
$,jajsjsjsjs,&,1,1,1.0
broma,?,?,1,1,1.0
la,broma,?,1,1,1.0
hago,la,broma,1,1,1.0
le,hago,la,1,1,1.0
$,le,hago,1,3,0.3333333333333333
dato,maaaaas,&,1,1,1.0
un,dato,maaaaas,1,1,1.0
test,normalizar,&,1,1,1.0
teor√≠a,y,la,1,1,1.0
ya,qued√≥,la,1,1,1.0
luego,ya,el,1,1,1.0
ia,y,luego,1,1,1.0
de,ia,y,1,1,1.0
tarea,de,ia,1,1,1.0
una,tarea,de,1,1,1.0
hago,una,tarea,1,1,1.0
),hago,una,1,1,1.0
puerco,),hago,1,1,1.0
del,puerco,),1,1,1.0
mal,del,puerco,1,1,1.0
el,mal,del,1,1,1.0
dio,el,mal,1,1,1.0
me,dio,el,1,3,0.3333333333333333
(,me,dio,1,1,1.0
duermo,(,me,1,1,1.0
me,duermo,(,1,1,1.0
",",me,duermo,1,2,0.5
como,",",me,1,1,1.0
",",como,",",1,2,0.5
casa,",",como,1,1,1.0
mi,casa,",",1,1,1.0
a,mi,casa,1,1,1.0
llego,a,mi,1,1,1.0
solo,llego,a,1,1,1.0
$,solo,llego,1,2,0.5
tiempo,.,&,1,1,1.0
dio,tiempo,.,1,1,1.0
me,dio,tiempo,1,3,0.3333333333333333
y,luego,ya,1,1,1.0
ya,el,protocolo,1,1,1.0
esponjosito,no,me,1,1,1.0
espero,que,cu√°ndo,1,2,0.5
dar,a,nlp,1,1,1.0
que,dar,a,1,1,1.0
tenemos,que,dar,1,1,1.0
le,tenemos,que,1,1,1.0
5215565635201,le,tenemos,1,1,1.0
@,5215565635201,le,1,9,0.1111111111111111
pasen,üôè,üèª,1,1,1.0
nos,pasen,üôè,1,1,1.0
y,nos,pasen,1,1,1.0
",",y,nos,1,2,0.5
sinodales,",",y,1,1,1.0
los,sinodales,",",1,1,1.0
a,los,sinodales,1,2,0.5
estrese,a,los,1,1,1.0
",",estrese,a,1,1,1.0
misa,",",estrese,1,1,1.0
una,misa,",",1,1,1.0
aviente,una,misa,1,1,1.0
se,aviente,una,1,1,1.0
5215565635201,se,aviente,1,1,1.0
@,5215565635201,se,1,9,0.1111111111111111
el,@,5215565635201,1,1,1.0
tt,el,@,1,1,1.0
el,tt,el,1,2,0.5
defendamos,el,tt,1,1,1.0
cu√°ndo,defendamos,el,1,1,1.0
que,cu√°ndo,defendamos,1,1,1.0
no,me,dio,1,3,0.3333333333333333
del,esponjosito,no,1,3,0.3333333333333333
nlp,por,que,1,1,1.0
$,el,dia,1,5,0.2
pipa,con,nosotros,1,1,1.0
esta,pipa,con,1,1,1.0
tambi√©n,esta,pipa,1,1,1.0
$,tambi√©n,esta,1,3,0.3333333333333333
entonces,.,&,1,1,1.0
3,entonces,.,1,1,1.0
nosotros,3,entonces,1,1,1.0
$,nosotros,3,1,2,0.5
si,gabygod,.,1,6,0.16666666666666666
la,metodolog√≠a,&,1,3,0.3333333333333333
modificar,la,metodolog√≠a,1,1,1.0
a,modificar,la,1,1,1.0
empiezo,a,modificar,1,1,1.0
ma√±ana,empiezo,a,1,1,1.0
yo,ma√±ana,empiezo,1,1,1.0
",",yo,ma√±ana,1,2,0.5
gabygod,",",yo,1,11,0.09090909090909091
gracias,gabygod,",",1,14,0.07142857142857142
disculpa,gabygod,:,1,1,1.0
una,disculpa,gabygod,1,1,1.0
pido,una,disculpa,1,1,1.0
te,pido,una,1,1,1.0
$,te,pido,1,3,0.3333333333333333
gracias,gabygod,.,1,14,0.07142857142857142
oh,",",gracias,1,1,1.0
$,oh,",",1,2,0.5
del,esponjosito,?,1,3,0.3333333333333333
con,nosotros,&,1,2,0.5
el,dia,de,1,1,1.0
hacer,lo,del,1,1,1.0
dia,de,hoy,1,1,1.0
por,hacer,lo,1,1,1.0
esque,por,hacer,1,1,1.0
",",esque,por,1,1,1.0
siii,",",esque,1,1,1.0
que,siii,",",1,1,1.0
verdad,que,siii,1,1,1.0
de,verdad,que,1,1,1.0
",",de,verdad,1,1,1.0
gabygod,",",de,1,11,0.09090909090909091
protocolo,gabygod,",",1,1,1.0
al,protocolo,gabygod,1,1,1.0
avanz√≥,al,protocolo,1,1,1.0
le,avanz√≥,al,1,1,1.0
alrato,le,avanz√≥,1,1,1.0
$,alrato,le,1,1,1.0
protocolo,wey,&,1,1,1.0
nuestro,protocolo,wey,1,1,1.0
de,nuestro,protocolo,1,1,1.0
hablale,de,nuestro,1,1,1.0
$,hablale,de,1,1,1.0
$,confirmooo,&,1,1,1.0
la,claseeeeee,&,1,1,1.0
toda,la,claseeeeee,1,1,1.0
agarraron,toda,la,1,1,1.0
gummyfriends,agarraron,toda,1,1,1.0
hoy,gummyfriends,agarraron,1,1,1.0
de,hoy,gummyfriends,1,1,1.0
a,nlp,por,1,2,0.5
por,que,si,1,4,0.25
$,ya,qued√≥,1,17,0.058823529411764705
a,pop,ig,1,2,0.5
$,y,a,1,10,0.1
la,respuesta,&,1,1,1.0
tiene,la,respuesta,1,1,1.0
$,tiene,la,1,1,1.0
gracias,.,&,1,1,1.0
",",gracias,.,1,3,0.3333333333333333
gabygod,",",gracias,1,11,0.09090909090909091
ok,gabygod,",",1,1,1.0
$,ok,gabygod,1,1,1.0
pero,vale,&,1,1,1.0
$,pero,vale,1,8,0.125
de,expresi√≥n,&,1,1,1.0
libertad,de,expresi√≥n,1,1,1.0
hay,libertad,de,1,1,1.0
no,hay,libertad,1,2,0.5
aqui,no,hay,1,1,1.0
",",aqui,no,1,1,1.0
eh,",",aqui,1,1,1.0
$,eh,",",1,1,1.0
algo,?,&,1,1,1.0
?,algo,?,1,1,1.0
ig,?,algo,1,1,1.0
¬ø,ig,?,1,1,1.0
?,¬ø,ig,1,1,1.0
x,?,¬ø,1,1,1.0
¬ø,x,?,1,1,1.0
o,¬ø,x,1,1,1.0
y,a,pop,1,1,1.0
pop,ig,&,1,1,1.0
tiktok,?,o,1,1,1.0
$,pero,&,1,8,0.125
hola,gummyfriends,&,1,1,1.0
$,hola,gummyfriends,1,1,1.0
tik,tok,&,1,1,1.0
$,tik,tok,1,1,1.0
clon,.,&,1,1,1.0
un,clon,.,1,1,1.0
tiene,un,clon,1,1,1.0
que,tiene,un,1,1,1.0
",",que,tiene,1,3,0.3333333333333333
teor√≠a,",",que,1,1,1.0
la,teor√≠a,",",1,2,0.5
yo,tengo,la,1,3,0.3333333333333333
realidad,.,&,1,1,1.0
la,realidad,.,1,1,1.0
a,la,realidad,1,2,0.5
m√°s,a,la,1,1,1.0
acerca,m√°s,a,1,1,1.0
se,acerca,m√°s,1,1,1.0
teor√≠a,se,acerca,1,1,1.0
mi,teor√≠a,se,1,1,1.0
verdad,mi,teor√≠a,1,1,1.0
la,verdad,mi,1,2,0.5
y,la,verdad,1,2,0.5
la,teor√≠a,de,1,2,0.5
esta,teor√≠a,y,1,1,1.0
tengo,esta,teor√≠a,1,1,1.0
yo,tengo,esta,1,3,0.3333333333333333
?,o,¬ø,1,1,1.0
usas,tiktok,?,1,1,1.0
si,no,gabygod,1,3,0.3333333333333333
se,ve,bien,1,1,1.0
but,",",se,1,1,1.0
$,but,",",1,2,0.5
si,trabajamos,&,1,2,0.5
equipo,por,favor,1,2,0.5
saques,del,equipo,1,1,1.0
nos,saques,del,1,2,0.5
$,gabygod,&,1,1,1.0
grites,jr,&,1,1,1.0
le,grites,jr,1,1,1.0
no,le,grites,1,2,0.5
$,no,le,1,27,0.037037037037037035
mal,xdxdxd,&,1,1,1.0
entend√≠,mal,xdxdxd,1,1,1.0
$,entend√≠,mal,1,1,1.0
pr√°ctica,?,&,1,1,1.0
cual,pr√°ctica,?,1,1,1.0
$,cual,pr√°ctica,1,2,0.5
gracias,gab,&,1,1,1.0
$,gracias,gab,1,18,0.05555555555555555
hacer,nadaaaaa,&,1,1,1.0
no,hacer,nadaaaaa,1,1,1.0
por,no,hacer,1,1,1.0
equipo,por,no,1,2,0.5
sacar,del,equipo,1,1,1.0
a,sacar,del,1,2,0.5
gabygod,nos,va,1,1,1.0
no,gabygod,nos,1,1,1.0
",",se,ve,1,2,0.5
ve,bien,gabygoooood,1,1,1.0
¬ø,usas,tiktok,1,1,1.0
bien,gabygoooood,.,1,1,1.0
$,¬ø,usas,1,1,1.0
haciendo,.,&,1,1,1.0
estamos,haciendo,.,1,1,1.0
que,estamos,haciendo,1,1,1.0
hip√≥tesis,que,estamos,1,1,1.0
unas,hip√≥tesis,que,1,1,1.0
de,unas,hip√≥tesis,1,1,1.0
generaci√≥n,de,unas,1,1,1.0
la,generaci√≥n,de,1,1,1.0
para,la,generaci√≥n,1,2,0.5
es,para,la,1,1,1.0
",",es,para,1,1,1.0
importante,",",es,1,1,1.0
muy,importante,",",1,1,1.0
pregunta,muy,importante,1,1,1.0
una,pregunta,muy,1,1,1.0
tenemos,una,pregunta,1,1,1.0
te,tenemos,una,1,1,1.0
5215512499392,te,tenemos,1,1,1.0
@,5215512499392,te,1,19,0.05263157894736842
pop,xdxd,&,1,1,1.0
dice,pop,xdxd,1,1,1.0
ma√±ana,dice,pop,1,1,1.0
pero,ma√±ana,dice,1,1,1.0
$,pero,ma√±ana,1,8,0.125
$,graciaaaas,&,1,1,1.0
gabygoooood,.,&,1,1,1.0
$,tengo,la,1,1,1.0
nos,saques,por,1,2,0.5
teor√≠a,de,que,1,1,1.0
no,nos,funes,1,4,0.25
nada,de,redes,1,1,1.0
sabemos,nada,de,1,1,1.0
no,sabemos,nada,1,1,1.0
$,no,sabemos,1,27,0.037037037037037035
$,bien,&,1,1,1.0
en,local,&,1,1,1.0
modificando,en,local,1,1,1.0
esta,modificando,en,1,1,1.0
se,esta,modificando,1,2,0.5
ji,ji,&,1,1,1.0
$,ji,ji,1,1,1.0
funes,gabygod,&,1,1,1.0
nos,funes,gabygod,1,1,1.0
oh,no,&,1,1,1.0
$,ayudame,&,1,1,1.0
$,oh,no,1,2,0.5
un,cabr√≥n,&,1,1,1.0
es,un,cabr√≥n,1,4,0.25
$,es,un,1,3,0.3333333333333333
ley√≥,nada,&,1,1,1.0
no,ley√≥,nada,1,1,1.0
$,no,ley√≥,1,27,0.037037037037037035
pinch√©,sagal,&,1,1,1.0
$,pinch√©,sagal,1,1,1.0
bien,gaby,&,1,1,1.0
todo,bien,gaby,1,1,1.0
$,todo,bien,1,1,1.0
se,estres√≥,&,1,1,1.0
de,redes,&,1,1,1.0
$,yo,creo,1,10,0.1
yo,creo,que,1,1,1.0
creo,que,los,1,5,0.2
üèª,üëà,üèª,1,1,1.0
üëâ,üèª,üëà,1,1,1.0
mejor,üëâ,üèª,1,1,1.0
m√°s,mejor,üëâ,1,1,1.0
la,m√°s,mejor,1,1,1.0
eres,la,m√°s,1,1,1.0
esque,eres,la,1,1,1.0
$,esque,eres,1,2,0.5
conocemos,nada,xd,1,1,1.0
no,conocemos,nada,1,1,1.0
$,no,conocemos,1,27,0.037037037037037035
entiendo,nada,xd,1,1,1.0
no,entiendo,nada,1,1,1.0
$,no,entiendo,1,27,0.037037037037037035
al,esponjosito,xd,1,1,1.0
vemos,al,esponjosito,1,1,1.0
nosotros,vemos,al,1,1,1.0
como,nosotros,vemos,1,1,1.0
profesor,como,nosotros,1,1,1.0
al,profesor,como,1,1,1.0
ven,al,profesor,1,1,1.0
",",ven,al,1,1,1.0
sistemas,",",ven,1,1,1.0
de,sistemas,",",1,1,1.0
chabos,de,sistemas,1,1,1.0
los,chabos,de,1,1,1.0
que,los,chabos,1,1,1.0
$,se,estres√≥,1,7,0.14285714285714285
esta,loco,&,1,1,1.0
de,que,&,1,1,1.0
estoy,triste,por,1,2,0.5
ya,nos,va,1,2,0.5
acomodando,el,protocolo,1,1,1.0
estamos,acomodando,el,1,1,1.0
$,estamos,acomodando,1,3,0.3333333333333333
estoy,triste,&,1,2,0.5
no,estoy,triste,1,1,1.0
ya,no,estoy,1,4,0.25
(,neta,&,1,1,1.0
(,(,neta,1,7,0.14285714285714285
chikas,:,(,1,1,1.0
eso,chikas,:,1,1,1.0
por,eso,chikas,1,1,1.0
triste,por,eso,1,1,1.0
$,estoy,triste,1,1,1.0
popue,esta,loco,1,1,1.0
con,brito,&,1,1,1.0
hablas,con,brito,1,1,1.0
tu,hablas,con,1,1,1.0
mientras,tu,hablas,1,2,0.5
ti,mientras,tu,1,1,1.0
de,ti,mientras,1,1,1.0
atras,de,ti,1,1,1.0
estamos,atras,de,1,1,1.0
$,estamos,atras,1,3,0.3333333333333333
$,moralmente,&,1,1,1.0
apoyamos,gabygod,&,1,2,0.5
nosotros,te,apoyamos,1,1,1.0
$,nosotros,te,1,2,0.5
va,a,firmar,1,4,0.25
a,firmar,&,1,1,1.0
$,sagal,&,1,2,0.5
que,nos,interesa,1,4,0.25
$,popue,esta,1,2,0.5
se,fue,&,1,1,1.0
sagal,se,fue,1,1,1.0
$,sagal,se,1,2,0.5
cierto,gabygod,&,1,2,0.5
$,no,es,1,27,0.037037037037037035
todo,xd,&,1,1,1.0
madre,todo,xd,1,1,1.0
su,madre,todo,1,2,0.5
ching√≥,a,su,1,1,1.0
que,ching√≥,a,1,1,1.0
creo,que,ching√≥,1,5,0.2
$,eto,&,1,1,1.0
sabes,xd,&,1,1,1.0
no,sabes,xd,1,1,1.0
$,no,sabes,1,27,0.037037037037037035
de,brito,&,1,1,1.0
antes,de,brito,1,1,1.0
firmado,antes,de,1,1,1.0
documento,firmado,antes,1,1,1.0
el,documento,firmado,1,1,1.0
regrese,el,documento,1,1,1.0
nos,regrese,el,1,1,1.0
que,nos,regrese,1,4,0.25
es,que,nos,1,1,1.0
interesa,es,que,1,1,1.0
nos,interesa,es,1,1,1.0
üëà,üèª,&,1,1,1.0
$,pero,si,1,8,0.125
pero,si,no,1,1,1.0
un,mensaje,sesgar,1,2,0.5
ya,nada,&,1,1,1.0
no,ya,nada,1,1,1.0
$,no,ya,1,27,0.037037037037037035
oye,gabygod,&,1,1,1.0
$,oye,gabygod,1,4,0.25
',v,&,1,1,1.0
:,',v,1,1,1.0
si,:,',1,1,1.0
$,si,:,1,11,0.09090909090909091
modelo,123,&,1,1,1.0
",",modelo,123,1,2,0.5
sesgar,",",modelo,1,1,1.0
mensaje,sesgar,",",1,1,1.0
",",este,es,1,1,1.0
si,no,quieres,1,3,0.3333333333333333
modelo,",",este,1,2,0.5
",",modelo,",",1,2,0.5
modelo,",",modelo,1,2,0.5
el,modelo,",",1,1,1.0
el,el,modelo,1,1,1.0
segar,el,el,1,1,1.0
sesgar,segar,el,1,1,1.0
para,sesgar,segar,1,1,1.0
mensaje,para,sesgar,1,1,1.0
un,mensaje,para,1,2,0.5
$,este,es,1,1,1.0
crean,üôè,üèª,1,1,1.0
quien,crean,üôè,1,1,1.0
$,esto,iba,1,1,1.0
esto,iba,a,1,1,1.0
iba,a,decir,1,1,1.0
a,decir,&,1,1,1.0
no,dije,nada,1,1,1.0
mejor,no,dije,1,1,1.0
ya,mejor,no,1,1,1.0
y,ya,mejor,1,1,1.0
$,y,ya,1,10,0.1
amenaz√≥,josu√©,&,1,1,1.0
me,amenaz√≥,josu√©,1,1,1.0
$,me,amenaz√≥,1,4,0.25
no,pero,&,1,2,0.5
$,no,pero,1,27,0.037037037037037035
onda,xd,&,1,1,1.0
que,onda,xd,1,1,1.0
ver,que,onda,1,1,1.0
para,ver,que,1,1,1.0
pediamos,para,ver,1,1,1.0
lo,pediamos,para,1,1,1.0
se,lo,pediamos,1,3,0.3333333333333333
si,se,lo,1,2,0.5
que,si,se,1,3,0.3333333333333333
",",que,si,1,3,0.3333333333333333
eso,",",que,1,1,1.0
todo,eso,",",1,1,1.0
tiene,todo,eso,1,1,1.0
ya,tiene,todo,1,1,1.0
plabini,ya,tiene,1,1,1.0
que,plabini,ya,1,1,1.0
$,que,plabini,1,9,0.1111111111111111
a,quien,crean,1,1,1.0
rezarle,a,quien,1,1,1.0
a,rezarle,a,1,1,1.0
a,pop,gabygod,1,2,0.5
$,sacamos,a,1,1,1.0
manda,üôè,üèª,1,1,1.0
se,manda,üôè,1,1,1.0
y,se,manda,1,1,1.0
importantes,y,se,1,1,1.0
mas,importantes,y,1,1,1.0
los,mas,importantes,1,1,1.0
de,los,mas,1,1,1.0
firmas,de,los,1,1,1.0
las,firmas,de,1,1,1.0
falta,las,firmas,1,1,1.0
solo,falta,las,1,1,1.0
ya,solo,falta,1,1,1.0
$,ya,solo,1,17,0.058823529411764705
ayudar,?,?,1,1,1.0
va,ayudar,?,1,1,1.0
nos,va,ayudar,1,3,0.3333333333333333
no,nos,va,1,4,0.25
?,xd,&,1,1,1.0
existo,?,xd,1,1,1.0
que,existo,?,1,1,1.0
como,que,existo,1,1,1.0
$,como,que,1,2,0.5
cambiamos,gabygod,&,1,1,1.0
lo,cambiamos,gabygod,1,1,1.0
$,lo,cambiamos,1,6,0.16666666666666666
no,quieres,&,1,1,1.0
sacamos,a,pop,1,1,1.0
pop,gabygod,",",1,1,1.0
$,a,rezarle,1,3,0.3333333333333333
",",no,te,1,3,0.3333333333333333
gabygod,üôè,üèª,1,1,1.0
gracias,gabygod,üôè,1,14,0.07142857142857142
corpus,?,?,1,1,1.0
y,corpus,?,1,1,1.0
documento,y,corpus,1,1,1.0
",",documento,y,1,1,1.0
c√≥digo,",",documento,1,1,1.0
$,c√≥digo,",",1,1,1.0
nlp,?,?,1,2,0.5
sube,de,nlp,1,1,1.0
se,sube,de,1,1,1.0
que,se,sube,1,5,0.2
$,que,se,1,9,0.1111111111111111
ay,kabroooooooooon,&,1,1,1.0
$,ay,kabroooooooooon,1,5,0.2
hacer,pipa,&,1,1,1.0
va,hacer,pipa,1,1,1.0
lo,va,hacer,1,1,1.0
$,lo,va,1,6,0.16666666666666666
dec√≠as,wey,?,1,1,1.0
que,dec√≠as,wey,1,1,1.0
$,que,dec√≠as,1,9,0.1111111111111111
$,dimelo,&,1,1,1.0
amenazando,wey,?,1,1,1.0
estas,amenazando,wey,1,1,1.0
me,estas,amenazando,1,1,1.0
$,me,estas,1,4,0.25
$,jajjajaja,&,1,1,1.0
se,puede,&,1,2,0.5
si,se,puede,1,2,0.5
tiene,gabygod,&,1,1,1.0
protocolo,para,su,1,1,1.0
del,protocolo,para,1,2,0.5
observaciones,del,protocolo,1,1,1.0
tus,observaciones,del,1,1,1.0
lanzas,tus,observaciones,1,1,1.0
nos,lanzas,tus,1,1,1.0
",",nos,lanzas,1,1,1.0
fa,",",nos,1,1,1.0
por,fa,",",1,1,1.0
5215512499392,por,fa,1,1,1.0
@,5215512499392,por,1,19,0.05263157894736842
$,martes,&,1,1,1.0
$,x2,&,1,1,1.0
lo,tiene,gabygod,1,1,1.0
vez,para,que,1,1,1.0
ya,lo,tiene,1,1,1.0
",",ya,lo,1,2,0.5
gambino,",",ya,1,1,1.0
diciendo,gambino,",",1,1,1.0
esta,diciendo,gambino,1,1,1.0
que,esta,diciendo,1,3,0.3333333333333333
las,orejas,&,1,1,1.0
en,las,orejas,1,1,1.0
perforaciones,en,las,1,1,1.0
tienes,perforaciones,en,1,1,1.0
no,tienes,perforaciones,1,1,1.0
t√∫,no,tienes,1,2,0.5
que,t√∫,no,1,1,1.0
para,su,posible,1,1,1.0
su,posible,correci√≥n,1,1,1.0
posible,correci√≥n,.,1,1,1.0
correci√≥n,.,&,1,1,1.0
de,una,vez,1,5,0.2
brito,de,una,1,1,1.0
a,brito,de,1,2,0.5
mandamos,a,brito,1,1,1.0
lo,mandamos,a,1,1,1.0
se,lo,mandamos,1,3,0.3333333333333333
$,se,lo,1,7,0.14285714285714285
gracias,x2,gabygod,1,1,1.0
$,gracias,x2,1,18,0.05555555555555555
",",nada,&,1,1,1.0
osea,",",nada,1,1,1.0
$,osea,",",1,1,1.0
dando,.,&,1,1,1.0
vaya,dando,.,1,1,1.0
de,vaya,dando,1,1,1.0
5215565635201,de,vaya,1,1,1.0
@,5215565635201,de,1,9,0.1111111111111111
que,@,5215565635201,1,1,1.0
para,que,@,1,2,0.5
nlp,para,que,1,1,1.0
de,nlp,para,1,4,0.25
c√≥digo,de,nlp,1,1,1.0
el,c√≥digo,de,1,1,1.0
pasar,el,c√≥digo,1,1,1.0
puedes,pasar,el,1,1,1.0
y,puedes,pasar,1,1,1.0
$,y,puedes,1,10,0.1
por,que,t√∫,1,4,0.25
no,por,que,1,1,1.0
$,no,por,1,27,0.037037037037037035
fin,de,semana,1,1,1.0
$,el,fin,1,5,0.2
el,tt,&,1,2,0.5
en,el,tt,1,3,0.3333333333333333
estamos,en,el,1,2,0.5
ahorita,estamos,en,1,1,1.0
pero,ahorita,estamos,1,1,1.0
trabajamos,pero,ahorita,1,1,1.0
si,trabajamos,pero,1,2,0.5
por,favooooor,&,1,1,1.0
saques,por,favooooor,1,1,1.0
el,correo,del,1,1,1.0
üßê,üßê,&,1,3,0.3333333333333333
$,üßê,üßê,1,1,1.0
y,analizando,&,1,1,1.0
objetivos,y,analizando,1,1,1.0
los,objetivos,y,1,1,1.0
leyendo,los,objetivos,1,1,1.0
esta,leyendo,los,1,1,1.0
clon,esta,leyendo,1,1,1.0
su,clon,esta,1,1,1.0
",",su,clon,1,1,1.0
aqui,",",su,1,1,1.0
esta,aqui,",",1,1,1.0
5215512499392,esta,aqui,1,1,1.0
@,5215512499392,esta,1,19,0.05263157894736842
mientras,@,5215512499392,1,1,1.0
$,mientras,@,1,1,1.0
el,fin,de,1,1,1.0
de,semana,nosotros,1,1,1.0
enojar,cabr√≥n,&,1,1,1.0
semana,nosotros,lo,1,1,1.0
a,enojar,cabr√≥n,1,1,1.0
voy,a,enojar,1,2,0.5
me,voy,a,1,1,1.0
yo,me,voy,1,1,1.0
$,yo,me,1,10,0.1
$,sacalo,&,1,1,1.0
josue,gaby,&,1,1,1.0
el,josue,gaby,1,1,1.0
ir,el,josue,1,1,1.0
quiere,ir,el,1,1,1.0
no,quiere,ir,1,1,1.0
$,no,quiere,1,27,0.037037037037037035
buenas,noches,&,1,2,0.5
todo,.,&,1,1,1.0
hac√©s,todo,.,1,1,1.0
tu,hac√©s,todo,1,1,1.0
mientras,tu,hac√©s,1,2,0.5
durmiendo,mientras,tu,1,1,1.0
esta,durmiendo,mientras,1,1,1.0
",",esta,durmiendo,1,1,1.0
clon,",",esta,1,1,1.0
tu,clon,",",1,1,1.0
hace,tu,clon,1,1,1.0
me,hace,tu,1,1,1.0
se,me,hace,1,4,0.25
lo,terminamos,&,1,1,1.0
nosotros,lo,terminamos,1,1,1.0
una,vez,para,1,1,1.0
para,que,igual,1,2,0.5
seguros,si,se,1,1,1.0
estoy,haciendo,el,1,1,1.0
$,xd,&,1,1,1.0
",",por,favor,1,1,1.0
gabygod,",",por,1,11,0.09090909090909091
ma√±ana,preguntamos,&,1,1,1.0
$,ma√±ana,preguntamos,1,3,0.3333333333333333
mencion√≥,sagal,&,1,1,1.0
nos,mencion√≥,sagal,1,1,1.0
que,nos,mencion√≥,1,4,0.25
revisando,lo,que,1,1,1.0
y,revisando,lo,1,1,1.0
diagramas,y,revisando,1,1,1.0
el,diagramas,y,1,1,1.0
haciendo,el,diagramas,1,1,1.0
momento,estoy,haciendo,1,1,1.0
que,igual,nos,1,1,1.0
este,momento,estoy,1,1,1.0
en,este,momento,1,1,1.0
$,en,este,1,1,1.0
observaciones,.,&,1,1,1.0
sus,observaciones,.,1,1,1.0
dan,sus,observaciones,1,1,1.0
me,dan,sus,1,1,1.0
y,me,dan,1,1,1.0
cronograma,y,me,1,1,1.0
el,cronograma,y,1,2,0.5
revisar,el,cronograma,1,1,1.0
pueden,revisar,el,1,1,1.0
",",pueden,revisar,1,1,1.0
$,asi,es,1,2,0.5
asi,es,el,1,1,1.0
es,el,josu√©,1,1,1.0
el,josu√©,&,1,1,1.0
estamos,seguros,si,1,1,1.0
no,estamos,seguros,1,1,1.0
",",no,estamos,1,3,0.3333333333333333
adem√°s,",",no,1,1,1.0
$,adem√°s,",",1,1,1.0
sus,hijos,&,1,1,1.0
a,sus,hijos,1,1,1.0
ver,a,sus,1,1,1.0
a,ver,a,1,1,1.0
pasamos,a,ver,1,1,1.0
asi,pasamos,a,1,1,1.0
$,asi,pasamos,1,2,0.5
$,mejor,&,1,1,1.0
el,exceso,&,1,1,1.0
gusta,el,exceso,1,1,1.0
me,gusta,el,1,2,0.5
l√≠mite,jr,&,1,1,1.0
al,l√≠mite,jr,1,1,1.0
llegar,al,l√≠mite,1,1,1.0
gusta,llegar,al,1,1,1.0
me,gusta,llegar,1,2,0.5
madre,esto,&,1,1,1.0
su,madre,esto,1,2,0.5
chingo,a,su,1,1,1.0
$,chingo,a,1,1,1.0
$,aaaaaaaaaaa,&,1,1,1.0
$,nomaaaaaaaaa,&,1,1,1.0
gummyfriends,",",pueden,1,1,1.0
noches,gummyfriends,",",1,1,1.0
buenas,noches,gummyfriends,1,2,0.5
valimos,:,(,1,1,1.0
$,ya,valimos,1,17,0.058823529411764705
aceptaci√≥n,gabygod,&,1,1,1.0
$,aceptaci√≥n,gabygod,1,1,1.0
creo,xd,&,1,1,1.0
$,creo,xd,1,9,0.1111111111111111
hara,pipa,&,1,1,1.0
lo,hara,pipa,1,1,1.0
eso,lo,hara,1,1,1.0
$,eso,lo,1,1,1.0
nom√°s,xdxd,&,1,1,1.0
as√≠,nom√°s,xdxd,1,1,1.0
vio,as√≠,nom√°s,1,1,1.0
lo,vio,as√≠,1,1,1.0
solo,lo,vio,1,1,1.0
y,solo,lo,1,1,1.0
xd,y,solo,1,1,1.0
sagal,xd,y,1,1,1.0
leido,sagal,xd,1,1,1.0
ha,leido,sagal,1,1,1.0
ni,ha,leido,1,1,1.0
que,ni,ha,1,1,1.0
digo,que,ni,1,1,1.0
yo,digo,que,1,2,0.5
observaciones,?,?,1,1,1.0
haga,observaciones,?,1,1,1.0
nos,haga,observaciones,1,1,1.0
igual,nos,haga,1,1,1.0
ya,valimos,:,1,1,1.0
$,iremos,primero,1,2,0.5
üò≠,üò≠,&,1,2,0.5
iremos,primero,a,1,1,1.0
üò≠,üò≠,üò≠,1,2,0.5
favor,üò≠,üò≠,1,1,1.0
por,favor,üò≠,1,4,0.25
ta,cabr√≥n,&,1,1,1.0
$,ta,cabr√≥n,1,1,1.0
$,vavavavaa,&,1,1,1.0
a,sagal,&,1,1,1.0
pedirselo,a,sagal,1,1,1.0
para,pedirselo,a,1,1,1.0
brito,para,pedirselo,1,1,1.0
a,brito,para,1,2,0.5
esto,a,brito,1,1,1.0
pediste,esto,a,1,1,1.0
le,pediste,esto,1,1,1.0
como,le,pediste,1,1,1.0
$,como,le,1,2,0.5
director,?,&,1,1,1.0
nuestro,director,?,1,1,1.0
siendo,nuestro,director,1,1,1.0
sigue,siendo,nuestro,1,1,1.0
entonces,sigue,siendo,1,1,1.0
$,entonces,sigue,1,3,0.3333333333333333
no,puede,&,1,1,1.0
$,no,puede,1,27,0.037037037037037035
las,3,&,1,1,1.0
a,las,3,1,2,0.5
primero,a,las,1,1,1.0
correo,del,esponjosito,1,1,1.0
espero,que,haga,1,2,0.5
tienes,el,correo,1,1,1.0
a,qu√©,hora,1,2,0.5
$,ma√±ana,a,1,3,0.3333333333333333
las,im√°genes,&,1,1,1.0
mucho,las,im√°genes,1,1,1.0
gustan,mucho,las,1,1,1.0
le,gustan,mucho,1,1,1.0
$,le,gustan,1,3,0.3333333333333333
son,im√°genes,&,1,1,1.0
$,son,im√°genes,1,1,1.0
no,creo,&,1,1,1.0
$,no,creo,1,27,0.037037037037037035
$,cococococo,&,1,1,1.0
fe,confianza,&,1,1,1.0
intervalos,fe,confianza,1,1,1.0
$,intervalos,fe,1,1,1.0
y,b0,&,1,1,1.0
b1,y,b0,1,1,1.0
$,b1,y,1,1,1.0
$,advertising,&,1,1,1.0
$,jsjsjsjs,&,1,2,0.5
provechito,@,5215512499392,1,1,1.0
$,provechito,@,1,1,1.0
gabygood,.,&,1,1,1.0
2,gabygood,.,1,1,1.0
los,2,gabygood,1,1,1.0
a,los,2,1,2,0.5
saca,a,los,1,1,1.0
nos,saca,a,1,1,1.0
ma√±ana,a,qu√©,1,2,0.5
qu√©,hora,vamos,1,1,1.0
popue,donde,nos,1,1,1.0
hora,vamos,a,1,1,1.0
$,mira,",",1,1,1.0
me,cae,&,1,1,1.0
eres,me,cae,1,1,1.0
cabroooon,eres,me,1,1,1.0
que,cabroooon,eres,1,1,1.0
$,que,cabroooon,1,9,0.1111111111111111
ando,enfermando,&,1,1,1.0
me,ando,enfermando,1,1,1.0
$,me,ando,1,4,0.25
sticker,:,&,1,1,1.0
este,sticker,:,1,1,1.0
aplicar,este,sticker,1,1,1.0
iba,aplicar,este,1,1,1.0
ma√±ana,iba,aplicar,1,1,1.0
esque,ma√±ana,iba,1,1,1.0
$,esque,ma√±ana,1,2,0.5
$,vale,&,1,3,0.3333333333333333
qu√©,horaaaa,&,1,1,1.0
a,qu√©,horaaaa,1,2,0.5
pregunt√©,a,qu√©,1,1,1.0
$,pregunt√©,a,1,2,0.5
$,?,&,1,2,0.5
stuart,.,.,1,1,1.0
con,stuart,.,1,1,1.0
ir,con,stuart,1,2,0.5
a,ir,con,1,1,1.0
vamos,a,ir,1,2,0.5
donde,nos,saca,1,1,1.0
de,popue,donde,1,1,1.0
1,horas,gabygod,1,1,1.0
",",solo,qu√©,1,2,0.5
problema,gabygod,",",1,1,1.0
hay,problema,gabygod,1,1,1.0
no,hay,problema,1,2,0.5
mi,no,hay,1,1,1.0
por,mi,no,1,1,1.0
pues,por,mi,1,1,1.0
$,pues,por,1,1,1.0
a,vale,&,1,1,1.0
$,a,vale,1,3,0.3333333333333333
esto,?,&,1,1,1.0
separar,esto,?,1,1,1.0
a,separar,esto,1,1,1.0
va,a,separar,1,4,0.25
se,va,a,1,1,1.0
o,se,va,1,1,1.0
$,o,se,1,2,0.5
4,?,&,1,1,1.0
de,4,?,1,1,1.0
equipo,de,4,1,1,1.0
ser,equipo,de,1,1,1.0
va,ser,equipo,1,2,0.5
",",va,ser,1,1,1.0
entonces,",",va,1,2,0.5
$,entonces,",",1,3,0.3333333333333333
entend√≠,.,&,1,1,1.0
no,entend√≠,.,1,1,1.0
ya,no,entend√≠,1,4,0.25
gabygod,",",solo,1,11,0.09090909090909091
solo,qu√©,no,1,1,1.0
audio,de,popue,1,1,1.0
qu√©,no,s√©,1,1,1.0
un,audio,de,1,1,1.0
tengo,un,audio,1,1,1.0
yo,tengo,un,1,3,0.3333333333333333
tt1,.,&,1,1,1.0
el,tt1,.,1,1,1.0
en,el,tt1,1,3,0.3333333333333333
pero,en,el,1,2,0.5
no,pero,en,1,2,0.5
protocolo,no,pero,1,1,1.0
el,protocolo,no,1,6,0.16666666666666666
en,el,protocolo,1,3,0.3333333333333333
",",en,el,1,1,1.0
requisitos,",",en,1,1,1.0
piden,requisitos,",",1,1,1.0
si,piden,requisitos,1,1,1.0
tt1,si,piden,1,1,1.0
para,tt1,si,1,1,1.0
qu√©,para,tt1,1,1,1.0
por,qu√©,para,1,1,1.0
√©l,por,qu√©,1,1,1.0
a,√©l,por,1,1,1.0
tambi√©n,a,√©l,1,1,1.0
convenga,tambi√©n,a,1,1,1.0
le,convenga,tambi√©n,1,1,1.0
si,le,convenga,1,1,1.0
s√©,si,le,1,1,1.0
no,s√©,si,1,1,1.0
mira,",",escucha,1,1,1.0
",",escucha,&,1,1,1.0
$,coooof,*,1,1,1.0
$,jajaja,",",1,1,1.0
$,betterware,&,1,1,1.0
$,better,&,1,1,1.0
ti,.,&,1,1,1.0
a,ti,.,1,1,1.0
sacar,a,ti,1,1,1.0
a,sacar,a,1,2,0.5
te,va,a,1,1,1.0
tambi√©n,te,va,1,1,1.0
),tambi√©n,te,1,1,1.0
audio,),tambi√©n,1,1,1.0
existe,audio,),1,1,1.0
(,existe,audio,1,1,1.0
dijo,(,existe,1,1,1.0
me,dijo,(,1,1,1.0
que,me,dijo,1,2,0.5
lo,que,me,1,9,0.1111111111111111
por,lo,que,1,1,1.0
y,por,lo,1,1,1.0
$,y,por,1,10,0.1
del,equipo,&,1,4,0.25
saco,del,equipo,1,1,1.0
me,saco,del,1,2,0.5
josu√©,me,saco,1,1,1.0
5215512499392,josu√©,me,1,1,1.0
@,5215512499392,josu√©,1,19,0.05263157894736842
la,nochecita,&,1,1,1.0
en,la,nochecita,1,2,0.5
$,fiateira,&,1,1,1.0
jajaja,",",tambi√©n,1,2,0.5
coooof,*,coooof,1,2,0.5
",",tambi√©n,estaba,1,1,1.0
$,rechazo,ho,1,1,1.0
en,cuestion,&,1,1,1.0
protocolo,en,cuestion,1,1,1.0
el,protocolo,en,1,6,0.16666666666666666
manda,el,protocolo,1,1,1.0
$,manda,el,1,1,1.0
amigo,),&,1,1,1.0
no,amigo,),1,1,1.0
(,no,amigo,1,1,1.0
trabajo,(,no,1,1,1.0
de,trabajo,(,1,1,1.0
compa√±ero,de,trabajo,1,1,1.0
gusto,compa√±ero,de,1,1,1.0
un,gusto,compa√±ero,1,1,1.0
$,un,gusto,1,2,0.5
del,protocolo,&,1,2,0.5
r√∫brica,del,protocolo,1,1,1.0
la,r√∫brica,del,1,1,1.0
reenvio,la,r√∫brica,1,1,1.0
$,reenvio,la,1,1,1.0
israel,buitron,&,1,1,1.0
tal,israel,buitron,1,1,1.0
ese,tal,israel,1,1,1.0
a,ese,tal,1,1,1.0
viendo,a,ese,1,1,1.0
estaba,viendo,a,1,1,1.0
tambi√©n,estaba,viendo,1,1,1.0
pero,en,la,1,2,0.5
darle,pero,en,1,1,1.0
noche,darle,pero,1,1,1.0
la,noche,darle,1,1,1.0
lo,envie,al,1,1,1.0
",",lo,envie,1,1,1.0
wey,",",lo,1,1,1.0
ay,wey,",",1,1,1.0
$,ay,wey,1,5,0.2
en,lab,&,1,1,1.0
es,en,lab,1,1,1.0
$,es,en,1,3,0.3333333333333333
lecci√≥n,.,&,1,1,1.0
la,lecci√≥n,.,1,1,1.0
aprend√≠,la,lecci√≥n,1,1,1.0
ya,aprend√≠,la,1,1,1.0
$,ya,aprend√≠,1,17,0.058823529411764705
popue,gabygod,.,1,1,1.0
un,popue,gabygod,1,1,1.0
en,un,popue,1,2,0.5
confies,en,un,1,1,1.0
nunca,confies,en,1,1,1.0
$,nunca,confies,1,1,1.0
tociendo,wey,&,1,1,1.0
estoy,tociendo,wey,1,1,1.0
",",estoy,tociendo,1,1,1.0
viste,",",estoy,1,1,1.0
ya,viste,",",1,1,1.0
$,ya,viste,1,17,0.058823529411764705
coooof,*,&,1,2,0.5
*,coooof,*,1,1,1.0
envie,al,chat,1,1,1.0
al,chat,equivocado,1,1,1.0
chat,equivocado,jajaja,1,1,1.0
",",como,nos,1,2,0.5
en,la,noche,1,2,0.5
puedo,en,la,1,1,1.0
yo,puedo,en,1,1,1.0
$,yo,puedo,1,10,0.1
protocolo,?,?,1,2,0.5
el,protocolo,?,1,6,0.16666666666666666
para,el,protocolo,1,2,0.5
organizar,para,el,1,1,1.0
a,organizar,para,1,1,1.0
vamos,a,organizar,1,2,0.5
nos,vamos,a,1,1,1.0
como,nos,vamos,1,1,1.0
chicas,",",como,1,1,1.0
equivocado,jajaja,&,1,1,1.0
$,chicas,",",1,1,1.0
quiere,?,&,1,1,1.0
lo,quiere,?,1,1,1.0
cu√°ndo,lo,quiere,1,1,1.0
para,cu√°ndo,lo,1,1,1.0
digo,para,cu√°ndo,1,1,1.0
te,digo,para,1,1,1.0
no,te,digo,1,4,0.25
$,nooooo,&,1,1,1.0
gummyboys,ganaron,&,1,1,1.0
los,gummyboys,ganaron,1,3,0.3333333333333333
$,los,gummyboys,1,1,1.0
horas,gabygod,&,1,1,1.0
en,1,horas,1,1,1.0
$,h0,&,1,1,1.0
$,handwriting,data,1,1,1.0
de,tiempo,gabygod,1,1,1.0
series,de,tiempo,1,1,1.0
baja,series,de,1,1,1.0
de,baja,series,1,1,1.0
da,de,baja,1,1,1.0
ya,da,de,1,1,1.0
$,ya,da,1,17,0.058823529411764705
god,?,&,1,1,1.0
profe,god,?,1,1,1.0
$,profe,god,1,1,1.0
solo,@,5215565635201,1,1,1.0
vaya,solo,@,1,1,1.0
que,vaya,solo,1,1,1.0
$,que,vaya,1,9,0.1111111111111111
con,√©l,&,1,2,0.5
directo,con,√©l,1,1,1.0
mejor,directo,con,1,1,1.0
qu√©,mejor,directo,1,1,1.0
digo,qu√©,mejor,1,1,1.0
yo,digo,qu√©,1,2,0.5
mis,compa√±eros,&,1,1,1.0
de,mis,compa√±eros,1,1,1.0
protocolos,de,mis,1,1,1.0
los,protocolos,de,1,1,1.0
sobre,los,protocolos,1,1,1.0
pregunt√©,sobre,los,1,1,1.0
$,pregunt√©,sobre,1,2,0.5
tiempo,gabygod,&,1,1,1.0
handwriting,data,to,1,1,1.0
$,bandictaaaa,.,1,1,1.0
data,to,detect,1,1,1.0
uno,en,escom,1,1,1.0
a,uno,en,1,1,1.0
conoc√≠as,a,uno,1,1,1.0
qu√©,conoc√≠as,a,1,1,1.0
dijiste,qu√©,conoc√≠as,1,1,1.0
que,dijiste,qu√©,1,1,1.0
profesor,que,dijiste,1,1,1.0
el,profesor,que,1,1,1.0
5215512499392,el,profesor,1,1,1.0
@,5215512499392,el,1,19,0.05263157894736842
cierto,@,5215512499392,1,1,1.0
por,cierto,@,1,2,0.5
protocolo,.,&,1,1,1.0
=,protocolo,.,1,1,1.0
an√°huac,=,protocolo,1,1,1.0
la,an√°huac,=,1,1,1.0
de,la,an√°huac,1,3,0.3333333333333333
doctor,de,la,1,1,1.0
un,doctor,de,1,1,1.0
+,un,doctor,1,2,0.5
nlp,+,un,1,1,1.0
$,nlp,+,1,1,1.0
s,disease,&,1,1,1.0
‚Äô,s,disease,1,1,1.0
alzheimer,‚Äô,s,1,1,1.0
detect,alzheimer,‚Äô,1,1,1.0
to,detect,alzheimer,1,1,1.0
bandictaaaa,.,&,1,1,1.0
$,craneo,&,1,1,1.0
regresa,en,1,1,1,1.0
la,platica,que,1,1,1.0
les,env√≠o,la,1,1,1.0
",",les,env√≠o,1,1,1.0
entonces,",",les,1,2,0.5
",",entonces,",",1,1,1.0
jajaja,",",entonces,1,2,0.5
investigar,jajaja,",",1,1,1.0
a,investigar,jajaja,1,1,1.0
empec√©,a,investigar,1,1,1.0
y,empec√©,a,1,1,1.0
4to,y,empec√©,1,1,1.0
de,4to,y,1,1,1.0
falta,de,4to,1,1,1.0
me,falta,de,1,1,1.0
que,me,falta,1,2,0.5
materia,que,me,1,1,1.0
l,materia,que,1,1,1.0
de,l,materia,1,1,1.0
asunto,de,l,1,1,1.0
mi,asunto,de,1,1,1.0
amsiedad,mi,asunto,1,1,1.0
dio,amsiedad,mi,1,1,1.0
me,dio,amsiedad,1,3,0.3333333333333333
",",me,dio,1,2,0.5
gabygod,",",me,1,11,0.09090909090909091
y,gabygod,",",1,1,1.0
poppler,y,gabygod,1,1,1.0
dias,poppler,y,1,1,1.0
env√≠o,la,platica,1,1,1.0
platica,que,se,1,1,1.0
?,*,&,1,1,1.0
que,se,dio,1,5,0.2
protocolo,?,*,1,2,0.5
un,protocolo,?,1,1,1.0
es,un,protocolo,1,4,0.25
qu√©,es,un,1,1,1.0
¬ø,qu√©,es,1,1,1.0
*,¬ø,qu√©,1,1,1.0
$,*,¬ø,1,2,0.5
menciona,.,&,1,1,1.0
se,menciona,.,1,1,1.0
que,se,menciona,1,5,0.2
lo,que,se,1,9,0.1111111111111111
se,lo,que,1,3,0.3333333333333333
resumen,se,lo,1,1,1.0
un,resumen,se,1,1,1.0
+,un,resumen,1,2,0.5
presentaci√≥n,+,un,1,1,1.0
+,presentaci√≥n,+,1,1,1.0
semestre,+,presentaci√≥n,1,1,1.0
del,semestre,+,1,1,1.0
inicio,del,semestre,1,1,1.0
a,inicio,del,1,1,1.0
protocolos,a,inicio,1,1,1.0
de,protocolos,a,1,1,1.0
registro,de,protocolos,1,1,1.0
del,registro,de,1,1,1.0
dio,del,registro,1,1,1.0
se,dio,del,1,1,1.0
en,escom,",",1,1,1.0
escom,",",ese,1,1,1.0
",",ese,ya,1,1,1.0
ir,con,nosotros,1,2,0.5
no,vas,ir,1,1,1.0
$,no,vas,1,27,0.037037037037037035
ya,est√°,&,1,1,1.0
$,ya,est√°,1,17,0.058823529411764705
tiene,libre,&,1,1,1.0
12,tiene,libre,1,1,1.0
las,12,tiene,1,1,1.0
a,las,12,1,2,0.5
ma√±ana,a,las,1,2,0.5
que,ma√±ana,a,1,1,1.0
dijo,que,ma√±ana,1,2,0.5
nos,dijo,que,1,2,0.5
$,nos,dijo,1,1,1.0
fuimos,gabygod,&,1,1,1.0
ya,fuimos,gabygod,1,1,1.0
$,ya,fuimos,1,17,0.058823529411764705
$,uuuuuuuuh,&,1,1,1.0
imagenes,?,&,1,1,1.0
con,imagenes,?,1,1,1.0
solo,con,imagenes,1,1,1.0
hacer,solo,con,1,1,1.0
puede,hacer,solo,1,1,1.0
se,puede,hacer,1,2,0.5
alzheimer,se,puede,1,1,1.0
del,alzheimer,se,1,1,1.0
idea,del,alzheimer,1,1,1.0
tu,idea,del,1,1,1.0
vas,ir,con,1,1,1.0
con,nosotros,1,1,2,0.5
ese,ya,no,1,1,1.0
nosotros,1,:,1,1,1.0
que,regresa,en,1,1,1.0
$,que,regresa,1,9,0.1111111111111111
se,enoj√≥,&,1,1,1.0
qu√©,se,enoj√≥,1,1,1.0
creo,qu√©,se,1,1,1.0
$,creo,qu√©,1,9,0.1111111111111111
saco,popue,&,1,1,1.0
me,saco,popue,1,2,0.5
ya,me,saco,1,1,1.0
$,ya,me,1,17,0.058823529411764705
me,amenazo,&,1,1,1.0
$,me,amenazo,1,4,0.25
me,presion√≥,&,1,1,1.0
popue,me,presion√≥,1,1,1.0
$,popue,me,1,2,0.5
gabygod,?,&,1,2,0.5
equipo,gabygod,?,1,1,1.0
del,equipo,gabygod,1,4,0.25
salir,del,equipo,1,1,1.0
a,salir,del,1,1,1.0
vas,a,salir,1,2,0.5
te,vas,a,1,1,1.0
ya,te,vas,1,2,0.5
$,ya,te,1,17,0.058823529411764705
30,?,?,1,1,1.0
:,30,?,1,2,0.5
1,:,30,1,1,1.0
5215512499392,tu,idea,1,1,1.0
@,5215512499392,tu,1,19,0.05263157894736842
una,?,?,1,1,1.0
de,una,?,1,5,0.2
con,el,de,1,4,0.25
hablar,con,el,1,1,1.0
vamos,hablar,con,1,1,1.0
$,vamos,hablar,1,2,0.5
llevamos,nada,&,1,1,1.0
no,llevamos,nada,1,1,1.0
$,no,llevamos,1,27,0.037037037037037035
sobreviv√≠,.,&,1,1,1.0
",",sobreviv√≠,.,1,1,1.0
gabygod,",",sobreviv√≠,1,11,0.09090909090909091
traigo,su√©teeeeeeer,&,1,1,1.0
no,traigo,su√©teeeeeeer,1,1,1.0
y,no,traigo,1,1,1.0
cielo,y,no,1,1,1.0
el,cielo,y,1,1,1.0
cayendo,el,cielo,1,1,1.0
esta,cayendo,el,1,1,1.0
se,esta,cayendo,1,2,0.5
‚ö†,Ô∏è,&,1,4,0.25
gabygod,‚ö†,Ô∏è,1,1,1.0
cuidado,gabygod,‚ö†,1,1,1.0
con,cuidado,gabygod,1,1,1.0
$,con,cuidado,1,4,0.25
veremos,?,&,1,1,1.0
lo,veremos,?,1,1,1.0
no,lo,veremos,1,2,0.5
ya,no,lo,1,4,0.25
el,de,nlp,1,1,1.0
nlp,?,&,1,2,0.5
$,con,la,1,4,0.25
estamos,en,prefectura,1,2,0.5
vamos,de,una,1,1,1.0
$,vamos,de,1,2,0.5
$,4107,&,1,1,1.0
da,pena,&,1,1,1.0
le,da,pena,1,1,1.0
popue,le,da,1,1,1.0
a,popue,le,1,1,1.0
pero,a,popue,1,1,1.0
$,pero,a,1,8,0.125
preguntando,gabygod,&,1,1,1.0
$,preguntando,gabygod,1,1,1.0
en,prefectura,&,1,1,1.0
$,estamos,en,1,3,0.3333333333333333
con,la,de,1,1,1.0
vale,",",gracias,1,1,1.0
$,vale,",",1,3,0.3333333333333333
$,stuart,&,1,1,1.0
avanza,?,&,1,1,1.0
anal√≠tica,avanza,?,1,1,1.0
de,anal√≠tica,avanza,1,1,1.0
√©l,de,anal√≠tica,1,1,1.0
con,√©l,de,1,2,0.5
$,con,√©l,1,4,0.25
modelado,?,&,1,1,1.0
de,modelado,?,1,1,1.0
la,de,modelado,1,1,1.0
rechazo,ho,&,1,1,1.0
lo,siento,much√≠simo,1,2,0.5
$,tienes,el,1,1,1.0
por,que,anda,1,4,0.25
no,contesta,por,1,1,1.0
",",no,contesta,1,3,0.3333333333333333
cierto,gabygod,",",1,2,0.5
jsjsjsjs,no,es,1,1,1.0
$,jsjsjsjs,no,1,2,0.5
el,esponjosito,&,1,4,0.25
so√±ando,con,el,1,1,1.0
esta,so√±ando,con,1,1,1.0
que,esta,so√±ando,1,3,0.3333333333333333
creo,que,esta,1,5,0.2
$,today,&,1,1,1.0
hou,gabygod,&,1,1,1.0
entrega,hou,gabygod,1,1,1.0
se,entrega,hou,1,1,1.0
$,se,entrega,1,7,0.14285714285714285
del,esponjosito,&,1,3,0.3333333333333333
acaba,lo,del,1,1,1.0
no,acaba,lo,1,1,1.0
todavia,no,acaba,1,1,1.0
y,todavia,no,1,1,1.0
durmio,y,todavia,1,1,1.0
se,durmio,y,1,1,1.0
josue,se,durmio,1,1,1.0
que,josue,se,1,1,1.0
creo,que,josue,1,5,0.2
$,?,?,1,2,0.5
cosas,:,&,1,1,1.0
contesta,por,que,1,1,1.0
que,anda,en,1,1,1.0
subiste,3,cosas,1,1,1.0
anda,en,chinga,1,1,1.0
te,puso,sponjocito,1,1,1.0
cu√°nto,te,puso,1,1,1.0
$,cu√°nto,te,1,1,1.0
manoooo,üôè,üèª,1,1,1.0
lo,manoooo,üôè,1,1,1.0
una,lo,manoooo,1,1,1.0
de,una,lo,1,5,0.2
entonces,de,una,1,1,1.0
$,entonces,de,1,3,0.3333333333333333
consejo,gabygod,&,1,1,1.0
el,consejo,gabygod,1,1,1.0
por,el,consejo,1,1,1.0
gracias,por,el,1,1,1.0
$,gracias,por,1,18,0.05555555555555555
exclamacion,?,&,1,1,1.0
",",exclamacion,?,1,1,1.0
interrogacion,",",exclamacion,1,1,1.0
de,interrogacion,",",1,1,1.0
signos,de,interrogacion,1,1,1.0
eliminaste,signos,de,1,1,1.0
5215512499392,eliminaste,signos,1,1,1.0
@,5215512499392,eliminaste,1,19,0.05263157894736842
del,sponch,&,1,1,1.0
lo,del,sponch,1,3,0.3333333333333333
haciendo,lo,del,1,1,1.0
chinga,haciendo,lo,1,1,1.0
en,chinga,haciendo,1,1,1.0
3,cosas,:,1,1,1.0
y,subiste,3,1,1,1.0
dar,el,mi√©rcoles,1,1,1.0
vale,gabygod,&,1,1,1.0
$,meno,&,1,1,1.0
procedencia,?,?,1,1,1.0
dudosa,procedencia,?,1,1,1.0
de,dudosa,procedencia,1,1,1.0
escum,de,dudosa,1,1,1.0
la,escum,de,1,1,1.0
de,la,escum,1,3,0.3333333333333333
directivos,de,la,1,1,1.0
de,directivos,de,1,1,1.0
grupo,de,directivos,1,1,1.0
un,grupo,de,1,1,1.0
en,un,grupo,1,2,0.5
estas,en,un,1,1,1.0
que,estas,en,1,1,1.0
por,que,estas,1,4,0.25
$,por,que,1,6,0.16666666666666666
a,gabygod,&,1,1,1.0
apoyo,a,gabygod,1,1,1.0
$,apoyo,a,1,1,1.0
buen,puentecito,&,1,1,1.0
que,buen,puentecito,1,1,1.0
$,que,buen,1,9,0.1111111111111111
entend√≠,xd,&,1,1,1.0
ya,entend√≠,xd,1,1,1.0
$,ya,entend√≠,1,17,0.058823529411764705
tambi√©n,de,una,1,1,1.0
mi√©rcoles,tambi√©n,de,1,1,1.0
$,vale,gabygod,1,3,0.3333333333333333
$,por,la,1,6,0.16666666666666666
$,y,subiste,1,10,0.1
por,la,info,1,1,1.0
muevo,jsjsjs,&,1,1,1.0
le,muevo,jsjsjs,1,1,1.0
no,le,muevo,1,2,0.5
ya,no,le,1,4,0.25
",",ya,no,1,2,0.5
okei,",",ya,1,1,1.0
$,okei,",",1,1,1.0
$,mmmmm,&,1,1,1.0
reultaron,?,&,1,1,1.0
cuantos,reultaron,?,1,1,1.0
final,cuantos,reultaron,1,1,1.0
al,final,cuantos,1,2,0.5
de,nlp,&,1,4,0.25
habl,de,nlp,1,1,1.0
$,habl,de,1,1,1.0
condicion,?,?,1,1,1.0
la,condicion,?,1,1,1.0
era,la,condicion,1,1,1.0
cual,era,la,1,1,1.0
$,cual,era,1,2,0.5
eliminaron,duplicados,&,1,1,1.0
cuando,eliminaron,duplicados,1,1,1.0
$,cuando,eliminaron,1,1,1.0
$,spongy,&,1,1,1.0
mosso,?,&,1,1,1.0
$,mosso,?,1,1,1.0
la,info,&,1,1,1.0
puso,sponjocito,gabygod,1,1,1.0
sponjocito,gabygod,?,1,1,1.0
gabygod,?,?,1,2,0.5
el,kevin,&,1,1,1.0
haga,tiempo,&,1,1,1.0
que,haga,tiempo,1,1,1.0
buenos,dias,poppler,1,1,1.0
termin√©,.,&,1,1,1.0
lo,termin√©,.,1,1,1.0
ni,lo,termin√©,1,1,1.0
yo,ni,lo,1,1,1.0
$,yo,ni,1,10,0.1
quer√≠a,modelo,&,1,1,1.0
no,quer√≠a,modelo,1,1,1.0
pero,no,quer√≠a,1,1,1.0
$,pero,no,1,8,0.125
$,pasaaa,&,1,1,1.0
$,4109,&,1,1,1.0
$,chi,&,1,1,1.0
meno,.,&,1,1,1.0
",",meno,.,1,1,1.0
chiale,",",meno,1,1,1.0
$,chiale,",",1,1,1.0
el,esponjosito,?,1,4,0.25
ma√±ana,con,el,1,1,1.0
presentar,ma√±ana,con,1,1,1.0
a,presentar,ma√±ana,1,1,1.0
vas,a,presentar,1,2,0.5
",",vas,a,1,1,1.0
oyeee,",",vas,1,1,1.0
$,oyeee,",",1,1,1.0
$,el,kevin,1,5,0.2
$,audio,del,1,1,1.0
$,god,&,1,1,1.0
audio,del,sagal,1,1,1.0
preocupaste,?,&,1,1,1.0
te,preocupaste,?,1,1,1.0
ya,te,preocupaste,1,2,0.5
o,ya,te,1,1,1.0
$,o,ya,1,2,0.5
iremos,gabygod,&,1,1,1.0
si,iremos,gabygod,1,1,1.0
$,si,iremos,1,11,0.09090909090909091
hizo,extenderlo,&,1,1,1.0
se,hizo,extenderlo,1,1,1.0
que,se,hizo,1,5,0.2
resumen,que,se,1,1,1.0
del,resumen,que,1,1,1.0
",",del,resumen,1,1,1.0
justificacion,",",del,1,1,1.0
y,justificacion,",",1,1,1.0
introduccion,y,justificacion,1,1,1.0
la,introduccion,y,1,1,1.0
para,la,introduccion,1,2,0.5
00,para,la,1,1,1.0
:,00,para,1,1,1.0
00,:,00,1,1,1.0
$,00,:,1,1,1.0
indicaciones,xd,&,1,1,1.0
dandonos,indicaciones,xd,1,1,1.0
sagal,dandonos,indicaciones,1,1,1.0
del,sagal,dandonos,1,1,1.0
mimir,gabygod,&,1,1,1.0
a,mimir,gabygod,1,2,0.5
$,a,mimir,1,3,0.3333333333333333
de,regex,&,1,1,1.0
de,normalizar,un,1,1,1.0
ejercicio,de,normalizar,1,1,1.0
un,ejercicio,de,1,1,1.0
luego,un,ejercicio,1,1,1.0
",",luego,un,1,1,1.0
m√∫ltiple,",",luego,1,1,1.0
opci√≥n,m√∫ltiple,",",1,1,1.0
de,opci√≥n,m√∫ltiple,1,1,1.0
ez,de,opci√≥n,1,1,1.0
bien,ez,de,1,1,1.0
teor√≠a,bien,ez,1,1,1.0
principio,teor√≠a,bien,1,1,1.0
al,principio,teor√≠a,1,1,1.0
$,al,principio,1,1,1.0
que,memorizar,&,1,1,1.0
creo,que,memorizar,1,5,0.2
$,#,&,1,1,1.0
se,olvida,&,1,1,1.0
no,se,olvida,1,1,1.0
$,no,se,1,27,0.037037037037037035
de,octubre,&,1,2,0.5
$,7,de,1,1,1.0
octubre,gabygood,&,1,1,1.0
de,octubre,gabygood,1,2,0.5
el,7,de,1,1,1.0
iremos,el,7,1,1,1.0
$,iremos,el,1,2,0.5
normalizar,un,texto,1,1,1.0
un,texto,y,1,1,1.0
texto,y,hacer,1,1,1.0
esta,f√°cil,la,1,1,1.0
preguntas,de,regex,1,2,0.5
3,preguntas,de,1,1,1.0
como,3,preguntas,1,1,1.0
hay,como,3,1,1,1.0
que,hay,como,1,1,1.0
decirles,que,hay,1,1,1.0
olvid√≥,decirles,que,1,1,1.0
me,olvid√≥,decirles,1,2,0.5
tambi√©n,se,me,1,1,1.0
$,tambi√©n,se,1,3,0.3333333333333333
la,verdad,&,1,2,0.5
f√°cil,la,verdad,1,1,1.0
$,esta,f√°cil,1,1,1.0
y,hacer,tf,1,1,1.0
han,hecho,&,1,1,1.0
ya,han,hecho,1,1,1.0
que,ya,han,1,2,0.5
pr√°cticas,que,ya,1,1,1.0
las,pr√°cticas,que,1,1,1.0
de,las,pr√°cticas,1,1,1.0
preguntas,de,las,1,2,0.5
final,preguntas,de,1,1,1.0
al,final,preguntas,1,2,0.5
-,idf,&,1,1,1.0
tf,-,idf,1,1,1.0
hacer,tf,-,1,1,1.0
el,mi√©rcoles,tambi√©n,1,1,1.0
quieren,dar,el,1,1,1.0
siento,much√≠simo,gabygod,1,1,1.0
de,semestre,xdd,1,1,1.0
el,inici√≥,de,1,1,1.0
desde,el,inici√≥,1,1,1.0
hablando,desde,el,1,1,1.0
esta,hablando,desde,1,2,0.5
lo,esta,hablando,1,1,1.0
de,lo,esta,1,2,0.5
todo,de,lo,1,1,1.0
esta,todo,de,1,1,1.0
lit,esta,todo,1,1,1.0
$,lit,esta,1,1,1.0
viniste,.,&,1,1,1.0
no,viniste,.,1,1,1.0
que,no,viniste,1,1,1.0
dias,que,no,1,1,1.0
los,dias,que,1,1,1.0
para,los,dias,1,1,1.0
",",para,los,1,2,0.5
esponjosito,",",para,1,1,1.0
el,esponjosito,",",1,4,0.25
hablando,el,esponjosito,1,1,1.0
esta,hablando,el,1,2,0.5
que,esta,hablando,1,3,0.3333333333333333
de,lo,que,1,2,0.5
reproducci√≥n,de,lo,1,1,1.0
de,reproducci√≥n,de,1,1,1.0
lista,de,reproducci√≥n,1,1,1.0
una,lista,de,1,1,1.0
inici√≥,de,semestre,1,1,1.0
semestre,xdd,&,1,1,1.0
aqu√≠,esta,una,1,1,1.0
$,confirm√≥,que,1,1,1.0
a,que,se,1,1,1.0
supe,a,que,1,1,1.0
jam√°s,supe,a,1,1,1.0
$,jam√°s,supe,1,1,1.0
las,comiste,&,1,1,1.0
te,las,comiste,1,1,1.0
$,te,las,1,3,0.3333333333333333
235,uvas,&,1,1,1.0
$,235,uvas,1,1,1.0
:,30,&,1,2,0.5
9,:,30,1,1,1.0
5215565635201,9,:,1,1,1.0
@,5215565635201,9,1,9,0.1111111111111111
5215512499392,@,5215565635201,1,1,1.0
@,5215512499392,@,1,19,0.05263157894736842
nuevo,@,5215512499392,1,1,1.0
a√±o,nuevo,@,1,1,1.0
feliz,a√±o,nuevo,1,1,1.0
$,feliz,a√±o,1,1,1.0
el,esponjosito,xd,1,4,0.25
visto,con,el,1,1,1.0
hemos,visto,con,1,1,1.0
que,hemos,visto,1,1,1.0
lo,que,hemos,1,9,0.1111111111111111
es,lo,que,1,1,1.0
que,es,lo,1,1,1.0
confirm√≥,que,es,1,1,1.0
esta,una,lista,1,1,1.0
",",aqu√≠,esta,1,1,1.0
no,quieren,dar,1,1,1.0
envio,la,tarea,1,1,1.0
ahorita,te,envio,1,1,1.0
$,ahorita,te,1,1,1.0
andamos,.,&,1,1,1.0
aqui,andamos,.,1,1,1.0
cosa,aqui,andamos,1,1,1.0
cualquier,cosa,aqui,1,2,0.5
que,cualquier,cosa,1,1,1.0
decimos,que,cualquier,1,1,1.0
te,decimos,que,1,1,1.0
gummyboys,te,decimos,1,2,0.5
",",los,gummyboys,1,1,1.0
gabygod,",",los,1,11,0.09090909090909091
$,jsjsjs,&,1,1,1.0
nos,dijo,&,1,2,0.5
ya,nos,dijo,1,2,0.5
nuestro,coach,&,1,1,1.0
ser,nuestro,coach,1,1,1.0
va,ser,nuestro,1,2,0.5
esponjositos,va,ser,1,1,1.0
el,esponjositos,va,1,1,1.0
$,el,esponjositos,1,5,0.2
apoyamos,gabygod,.,1,2,0.5
gummyboys,te,apoyamos,1,2,0.5
cosa,los,gummyboys,1,1,1.0
cualquier,cosa,los,1,2,0.5
$,cualquier,cosa,1,1,1.0
much√≠simo,gabygod,:,1,1,1.0
te,envio,la,1,1,1.0
la,tarea,que,1,1,1.0
gabygod,",",aqu√≠,1,11,0.09090909090909091
tarea,que,patrocino,1,1,1.0
estas,faltando,&,1,1,1.0
pues,estas,faltando,1,1,1.0
que,pues,estas,1,1,1.0
dijo,que,pues,1,2,0.5
le,dijo,que,1,1,1.0
ya,le,dijo,1,1,1.0
diego,ya,le,1,1,1.0
",",diego,ya,1,1,1.0
elegir,",",diego,1,1,1.0
que,elegir,",",1,1,1.0
tienes,que,elegir,1,1,1.0
y,tienes,que,1,1,1.0
$,y,tienes,1,10,0.1
algebra,lineal,&,1,1,1.0
de,algebra,lineal,1,1,1.0
repaso,de,algebra,1,1,1.0
un,repaso,de,1,1,1.0
de,un,repaso,1,1,1.0
exposiciones,de,un,1,1,1.0
empezamos,exposiciones,de,1,1,1.0
semana,empezamos,exposiciones,1,1,1.0
siguiente,semana,empezamos,1,1,1.0
la,siguiente,semana,1,1,1.0
cierto,la,siguiente,1,1,1.0
por,cierto,la,1,2,0.5
patrocino,@,5215565635201,1,1,1.0
que,patrocino,@,1,1,1.0
que,se,referia,1,5,0.2
se,referia,con,1,1,1.0
referia,con,credenciales,1,1,1.0
muy,considerado,.,1,1,1.0
",",eres,muy,1,1,1.0
pop,",",eres,1,2,0.5
gracias,pop,",",1,1,1.0
$,gracias,pop,1,18,0.05555555555555555
gusto,ü´°,&,1,1,1.0
mucho,gusto,ü´°,1,1,1.0
con,mucho,gusto,1,1,1.0
digo,con,mucho,1,1,1.0
le,digo,con,1,1,1.0
yo,le,digo,1,1,1.0
",",yo,le,1,2,0.5
pop,",",yo,1,2,0.5
si,pop,",",1,1,1.0
$,si,pop,1,11,0.09090909090909091
$,jajajajaja,&,1,1,1.0
hny,gabygod,&,1,1,1.0
$,hny,gabygod,1,3,0.3333333333333333
pasa,nada,&,1,1,1.0
no,pasa,nada,1,1,1.0
$,no,pasa,1,27,0.037037037037037035
tiste,pop,&,1,1,1.0
pongas,tiste,pop,1,1,1.0
te,pongas,tiste,1,1,1.0
no,te,pongas,1,4,0.25
$,uuuuuuuh,&,1,1,1.0
el,malo,&,1,1,1.0
fue,el,malo,1,1,1.0
eres,muy,considerado,1,1,1.0
considerado,.,&,1,1,1.0
con,credenciales,hasta,1,1,1.0
$,aunque,sea,1,1,1.0
si,no,quieren,1,3,0.3333333333333333
diles,que,si,1,1,1.0
$,diles,que,1,1,1.0
confirmo,x2,gabygod,1,1,1.0
$,confirmo,x2,1,2,0.5
vida,.,&,1,1,1.0
la,vida,.,1,1,1.0
de,la,vida,1,3,0.3333333333333333
hny,de,la,1,1,1.0
√∫ltimo,hny,de,1,1,1.0
el,√∫ltimo,hny,1,1,1.0
recordar,el,√∫ltimo,1,1,1.0
$,recordar,el,1,1,1.0
$,hnyork,&,1,1,1.0
confirmo,x3,&,1,1,1.0
$,confirmo,x3,1,2,0.5
olvid√≥,x2,&,1,1,1.0
me,olvid√≥,x2,1,2,0.5
$,sisisis,&,1,1,1.0
olvidoooo,ajjssjsjs,&,1,1,1.0
me,olvidoooo,ajjssjsjs,1,1,1.0
se,me,olvidoooo,1,4,0.25
",",se,me,1,2,0.5
nomaaaaaaa,",",se,1,1,1.0
$,nomaaaaaaa,",",1,1,1.0
sea,masiosare,&,1,1,1.0
aunque,sea,masiosare,1,1,1.0
siempre,fue,el,1,1,1.0
$,siempre,fue,1,1,1.0
a,gaby,&,1,1,1.0
mentiste,a,gaby,1,1,1.0
con,porto,o,1,1,1.0
trabajado,con,porto,1,1,1.0
ha,trabajado,con,1,1,1.0
alguien,ha,trabajado,1,1,1.0
$,alguien,ha,1,1,1.0
$,exacto,&,1,1,1.0
lo,siento,&,1,2,0.5
caf√©,jr,&,1,1,1.0
tomaras,caf√©,jr,1,1,1.0
no,tomaras,caf√©,1,1,1.0
t√∫,no,tomaras,1,2,0.5
$,t√∫,no,1,2,0.5
hab√≠a,visto,&,1,1,1.0
lo,hab√≠a,visto,1,1,1.0
no,lo,hab√≠a,1,2,0.5
este,no,lo,1,1,1.0
jajajaja,este,no,1,1,1.0
$,jajajaja,este,1,5,0.2
$,x3,&,1,1,1.0
enojo,@,5215565635201,1,1,1.0
se,enojo,@,1,1,1.0
ya,se,enojo,1,1,1.0
5215512499392,ya,se,1,1,1.0
@,5215512499392,ya,1,19,0.05263157894736842
ese,correo,&,1,1,1.0
hasta,ese,correo,1,1,1.0
credenciales,hasta,ese,1,1,1.0
porto,o,saben,1,1,1.0
o,saben,como,1,1,1.0
saben,como,trabaja,1,1,1.0
solo,escuche,&,1,1,1.0
le,mentiste,a,1,1,1.0
$,le,mentiste,1,3,0.3333333333333333
me,disocie,&,1,1,1.0
despu√©s,me,disocie,1,1,1.0
y,despu√©s,me,1,1,1.0
$,y,despu√©s,1,10,0.1
poquitas,"""",&,1,1,1.0
muy,poquitas,"""",1,1,1.0
son,muy,poquitas,1,1,1.0
mmmm,son,muy,1,1,1.0
"""",mmmm,son,1,1,1.0
$,"""",mmmm,1,1,1.0
yo,solo,escuche,1,1,1.0
como,trabaja,en,1,1,1.0
$,yo,solo,1,10,0.1
tiempo,chicas,&,1,1,1.0
el,tiempo,chicas,1,1,1.0
pasa,el,tiempo,1,1,1.0
r√°pido,pasa,el,1,1,1.0
que,r√°pido,pasa,1,1,1.0
$,que,r√°pido,1,9,0.1111111111111111
ultimo,a√±o,&,1,1,1.0
$,ultimo,a√±o,1,1,1.0
equipo,?,&,1,1,1.0
en,equipo,?,1,1,1.0
trabaja,en,equipo,1,1,1.0
dije,nada,&,1,1,1.0
