Source,Title,Content,Section,URL,Date
La Jornada,Chaquito estará fuera tres meses,,Deporte,https://www.jornada.com.mx/2024/09/25/deportes/a12n3dep?partner=rss,25/09/2024
La Jornada,Bravos vencen a los Mets y se acercan al comodín,"Atlanta. Los Bravos de Atlanta hicieron la tarea en la lucha por alcanzar el boleto de comodín para la postemporada de Grandes Ligas. Al ganar 5-1 a los Mets de Nueva York, quedan a una victoria de conseguir la meta.",Deporte,https://www.jornada.com.mx/2024/09/25/deportes/a11n2dep?partner=rss,25/09/2024
La Jornada,Aseguran Guardianes descanso en postemporada al vencer 6-1 a Rojos,"Cleveland. Los Guardianes de Cleveland, campeones de la División Central de la Liga Americana, aseguraron un descanso en la primera ronda de los playoffs al vencer 6-1 a los Rojos de Cincinnati. Lane Thomas pegó un jonrón de dos anotaciones y empujó tres carreras mientras Josh Naylor sumó un par de remolcadas.",Deporte,https://www.jornada.com.mx/2024/09/25/deportes/a34n1dep?partner=rss,25/09/2024
La Jornada,"“Es demasiado tarde para mí”; Favre, mítico ex NFL, padece Parkinson","En 1991, la vida de Brett Favre cambió para siempre. Pocos meses después de ser elegido por Atlan-ta en el Draft de la NFL, el entrena-doren jefe de Green Bay, Mike Holmgren, ofreció una selección de primera ronda a cambio de que jugara en su equipo. Los Halcones se vieron obligados a aceptar. Desde el anuncio del acuerdo al año siguiente, el mariscal construyó una carrera notable, con periodos más o menos difíciles y dedicándose al mismo deporte que practicó desde niño. Fue nombrado tres veces MVP, ganó el Supertazón en 1997 y, tras ser ingresado al Salón de la Fama, confesó en un acto públi-co que estuvo tres veces en cen-tros especiales de rehabilitación por su adicción al consumo de analgésicos y alcohol.",Deporte,https://www.jornada.com.mx/2024/09/25/deportes/a11n1dep?partner=rss,25/09/2024
La Jornada,Real Madrid saca apurada victoria ante el Alavés,"Madrid. El Real Madrid es la luz y la noche. De ofrecer el sábado su versión más contundente en la visita del Español al Santiago Bernabéu, el equipo blanco reveló su costado más vulnerable en una apurada victoria por 3-2 sobre el Alavés, con lo que cumplió un año sin derrota en la Liga de España.",Deporte,https://www.jornada.com.mx/2024/09/25/deportes/a12n1dep?partner=rss,25/09/2024
La Jornada,Ten Hag se une a críticas por saturación de partidos,"Londres. El técnico neerlandés del Manchester United, Erik ten Hag, criticó la sobrecarga de partidos, ya que considera “casi inevitables” las lesiones graves que sufren los futbolistas, como ocurrió el pasado fin de semana con el arquero alemán Marc-André Ter Stegen (Barcelona) y el mediocampista español Rodri (Manchester City).",Deporte,https://www.jornada.com.mx/2024/09/25/deportes/a12n2dep?partner=rss,25/09/2024
La Jornada,Me voy con la conciencia tranquila y sin arrepentimientos: Ana Guevara,"Convencida de que cumplió con su deber, a pesar de las críticas que afrontó desde su llegada al cargo en 2018, Ana Guevara aseguró ayer que dejará la dirección de Comisión Nacional de Cultura Física y Deporte (Conade) sin arrepentimientos, con la conciencia tranquila y segura de que no gozó de sobreprotección en su administración.",Deporte,https://www.jornada.com.mx/2024/09/25/deportes/a10n1dep?partner=rss,25/09/2024
La Jornada,Regresa En vivo desde el Met de Nueva York al Auditorio Nacional,"Los ocho títulos de la temporada 2024-2025 del programa En vivo desde el Met de Nueva York, que se transmitirá del 5 de octubre al 31 de mayo en la pantalla gigante del Auditorio Nacional, siguen fiel a la misión del Metropolitan Opera House de presentar las óperas “más famosas y populares”, con los mejores elencos posibles, así como ofrecer producciones nuevas, porque “sólo así avanzará como forma de arte”, expresó Peter Gelb, gerente general del Met.",Cultura,https://www.jornada.com.mx/2024/09/25/cultura/a05n2cul?partner=rss,25/09/2024
La Jornada,Entregan a Tolita y María Figueroa Medalla de Oro Bellas Artes 2023 en teatro,"Las hermanas Tolita y María Figueroa fueron distinguidas este martes con la Medalla de Oro Bellas Artes 2023 en la disciplina de teatro. Este reconocimiento celebra su destacada trayectoria y prolífica obra en el ámbito del vestuario y la escenografía, campos en los que “han dejado una huella imborrable durante más de tres décadas”.",Cultura,https://www.jornada.com.mx/2024/09/25/cultura/a05n1cul?partner=rss,25/09/2024
La Jornada,Emilio Payán: La Litógrafa Popular,"El artista y grabador Joel Rendón (1967) y el impresor Fernando Riquelme (1990) fundaron hace dos meses La Litógrafa Popular, taller de reunión, diálogo e intercambio de experiencias para conservar la tradición de esta técnica en México. El proyecto rinde homenaje a la madre tierra al considerar a la piedra litográfica como matriz creadora en estrecha conexión con la tierra y la vida. La Litógrafa Popular surgió con el objetivo de conservar la estética de la estampa con una gráfica popular cargada de identidad y sentido social.",Cultura,https://www.jornada.com.mx/2024/09/25/cultura/a04a1cul?partner=rss,25/09/2024
La Jornada,Dialoga Dalí con La Divina Comedia,"Cáceres. La Fundación Mercedes Calles y Carlos Ballestero (FMCCB) presenta una nueva exposición en su sede de la Plaza de San Jorge de Cáceres titulada “Dalí: La Divina Comedia”, compuesta por un centenar de grabados de su propia colección en los que el genio surrealista plasmó su interpretación de La Divina Comedia de Dante Alighieri.",Cultura,https://www.jornada.com.mx/2024/09/25/cultura/a04n1cul?partner=rss,25/09/2024
La Jornada,"“El feminismo devolvió dignidad a mi existencia, el arte también”: Sofía Weidner","“No prometo que salgan alegres y con la mente tranquila de esta exposición. No quise generar arte que causara comodidad”, confesó Sofía Weidner durante la inauguración de Musas negras, en el Museo de la Ciudad de México. Emociones tristes, dolorosas y furiosas están plasmadas en las obras que hoy trascienden porque al ser vistas por el público significan cobijo, el abandono de la soledad y un sueño cumplido. “Así como el feminismo devolvió dignidad a mi existencia, el arte también”, declaró la creadora.",Cultura,https://www.jornada.com.mx/2024/09/25/cultura/a02n1cul?partner=rss,25/09/2024
La Jornada,Ricardo Yáñez: Isocronías,"Siete escritoras ha reunido Minerva Aguilar Temoltzin, autora de Vuelo de letras, libro nacido de un recital homónimo ofrecido por escritoras tlaxcaltecas y organizado por la Asociación de Escritores de México. Al decir de Obed González, director de Literatura de la Feria Internacional del Libro en Coyoacán, –auspiciadora del volumen que con ánimo representativo considera la lírica de tales voces femeninas–, en éste es posible palpar que “somos lenguaje, somos flexibles y en constante transformación”. Vayamos sucintamente a las poetas –nacidas entre los años 50 y 80–:",Cultura,https://www.jornada.com.mx/2024/09/25/opinion/a04o1cul?partner=rss,25/09/2024
La Jornada,Muñeca Lele otomí representa la principal fuente de empleo en Santiago Metztititlán,"Pachuca, Hgo., Artesanas indígenas otomíes de Santiago Metztititlán, municipio de Amealco de Bonfil, estado de Querétaro, por generaciones han elaborado la tradicional muñeca Lele, la cual nació por el deseo de las niñas de esa localidad de jugar a ser mamás.",Cultura,https://www.jornada.com.mx/2024/09/25/cultura/a03n2cul?partner=rss,25/09/2024
La Jornada,Periodista evoca La eterna noche de los 43,"¿Los 43 normalistas de Ayotzinapa están vivos o muertos? La pregunta, planteada con angustia por el periodista Miguel Ángel Juárez Franco, desencadenó un intenso y conmovedor debate ayer durante la presentación de su novela La eterna noche de los 43, publicada por la editorial Almuzara.",Cultura,https://www.jornada.com.mx/2024/09/25/cultura/a03n1cul?partner=rss,25/09/2024
La Jornada,Los resultados del tercer censo del jaguar en México son alentadores,"Los primeros resultados del tercer censo en México del jaguar son alentadores, puesto que en la mayoría de los 24 sitios analizados, en 19 estados del país, la población del felino más grande de América se mantiene o ha incrementado, “en la mayoría de los sitios hay más jaguares” destacó Gerardo Ceballos González, líder de la Alianza Nacional para la Conservación del Jaguar.",Ciencia y Tecnología,https://www.jornada.com.mx/2024/09/25/ciencias/a06n2cie?partner=rss,25/09/2024
La Jornada,Descubren con inteligencia artificial más geoglifos en Nazca,,Ciencia y Tecnología,https://www.jornada.com.mx/2024/09/25/ciencias/a06n3cie?partner=rss,25/09/2024
La Jornada,"La menopausia puede ocasionar problemas dentales, dicen especialistas",Los sofocos y sudoraciones nocturnas son los síntomas más infames de la menopausia. Pero es posible que también desee prestar atención a sus dientes y encías.,Ciencia y Tecnología,https://www.jornada.com.mx/2024/09/25/ciencias/a06n1cie?partner=rss,25/09/2024
La Jornada,"Por primera vez en 2 años, tasa de Cetes baja de 10%","Después de casi dos años de ofrecer rendimientos anuales de doble dígito, la tasa de interés de los Certificados de la Tesorería de la Federación (Cetes) ha caído por debajo de 10 por ciento. Según los analistas, esto indica que los mercados anticipan que el Banco de México (BdeM) reducirá su tasa de referencia el próximo jueves en línea con la Reserva Federal de Estados Unidos.",Economia,https://www.jornada.com.mx/2024/09/25/economia/021n3eco?partner=rss,25/09/2024
La Jornada,"En el sexenio de AMLO, la banca ganó más de un billón de pesos","A lo largo del sexenio del presidente Andrés Manuel López Obrador, el conjunto de bancos privados que operan en el país han ganando poco más de un billón de pesos, un resultado histórico y que coloca a este sector como a uno de los que mejor les fue con el gobierno de la Cuarta Transformación, afirman especialistas.",Economia,https://www.jornada.com.mx/2024/09/25/economia/021n1eco?partner=rss,25/09/2024
La Jornada,Expertos: el mayor desastre ecológico en la Riviera Maya,"La mina Sac-Tun, antes conocida como Calica, propiedad de Vulcan Materials es “el mayor desastre ecológico” en la Riviera Maya, pues durante más de tres décadas se extrajo material para exportar por barco a Estados Unidos, de acuerdo con especialistas y el gobierno mexicano.",Economia,https://www.jornada.com.mx/2024/09/25/economia/019n2eco?partner=rss,25/09/2024
La Jornada,Enrique Galván Ochoa: Dinero,"¿Cuántas sorpresas más tiene el presidente López Obrador para las 140 horas, aproximadamente, que restan a su mandato? La última es la apropiación por parte del Estado ( expropiación no es un término usual en el diccionario de la 4T, pero también podría utilizarse) del territorio que ocupa la empresa minera estadunidense Vulcan Materials. Fueron muchos meses de negociaciones, judiciales y extrajudiciales, que fracasaron, la empresa exigía una indemnización que le pareció muy alta al gobierno. López Obrador publicó un decreto que declara como área natural protegida más de 53 mil hectáreas, incluye la superficie sobre la cual está la mina. Prohíbe el decreto, entre otras cosas, la exploración y explotación de minerales, que es el negocio de Vulcan. La reacción adversa fue inmediata. Autoridades de Estados Unidos y grupos empresariales de allá y acá saltaron en defensa de la compañía porque, dicen, se están violando el estado de derecho y los compromisos internacionales de México, entre ellos el T-MEC. Hay algo curioso. El gobierno estadunidense prohibe la operación de TikTok porque supuestamente hace espionaje para China, a menos que el dueño venda su próspero negocio a un empresario local, y cierra las puertas a Huawei porque en algunos renglones su tecnología es más avanzada. ¿No viola las reglas de la libre competancia y el estado de derecho? Aquí, a la espera de la próxima sorpresa.",Economia,https://www.jornada.com.mx/2024/09/25/opinion/006o1eco?partner=rss,25/09/2024
La Jornada,Reservas internacionales alcanzan marca histórica,"Las reservas internacionales cerraron la semana que concluyó el 20 de septiembre con un saldo de 226 mil 465 millones de dólares, un incremento de 356 millones de dólares en relación con la semana precedente, reveló el Banco de México (BdeM).",Economia,https://www.jornada.com.mx/2024/09/25/economia/021n2eco?partner=rss,25/09/2024
La Jornada,Proyecto del ministro Pérez Dayán impedirá a la UIF bloquear cuentas bancarias por lavado,El ministro Alberto Pérez Dayán propondrá el endurecimiento de los requisitos para que la Unidad de Inteligencia Financiera (UIF) pueda asegurar cuentas bancarias cuyos titulares son sospechosos de operaciones de lavado de dinero.,Economia,https://www.jornada.com.mx/2024/09/25/economia/020n1eco?partner=rss,25/09/2024
La Jornada,Desacelera la inflación anual por cuarta quincena consecutiva,"La inflación general de la primera quincena de septiembre en México se desaceleró a 4.66 por ciento anual, su menor nivel desde la segunda quincena de mayo de 2024, revelaron cifras del Instituto Nacional de Estadística y Geografía (Inegi).",Economia,https://www.jornada.com.mx/2024/09/25/economia/022n1eco?partner=rss,25/09/2024
La Jornada,Microsoft invertirá mil 300 mdd en México en infraestructura de IA,,Economia,https://www.jornada.com.mx/2024/09/25/economia/021n4eco?partner=rss,25/09/2024
La Jornada,Ocupa México séptimo lugar en adopción de inteligencia artificial,"México es uno de los países adoptantes de inteligencia artificial (IA), con un índice de 46.85 puntos, lo que lo coloca en la séptima posición entre 19 que se encuentran incorporando esta tecnología, informó la Comisión Económica para América Latina y el Caribe (Cepal).",Economia,https://www.jornada.com.mx/2024/09/25/economia/022n2eco?partner=rss,25/09/2024
La Jornada,México expropia minera Calica; la empresa estadunidense impugnará,"La firma estadunidense Vulcan Materials anunció que va a impugnar legalmente la decisión del gobierno mexicano, anunciada el lunes en la noche, de expropiar los terrenos de la mina Calica en Quintana Roo.",Economia,https://www.jornada.com.mx/2024/09/25/economia/019n1eco?partner=rss,25/09/2024
La Jornada,Enrique Dussel Peters*: China: ¿desarrollo a través de política industrial?,"Enfatizamos en la  colaboración del 11 de septiembre de este año la profunda competencia entre Estados Unidos y China por el liderazgo tecnológico global. Esto hubiera sido impensable todavía hace dos décadas y a principios del siglo XXI, bajo el lema de la “China barata”.",Economia,https://www.jornada.com.mx/2024/09/25/economia/020a1eco?partner=rss,25/09/2024
La Jornada,Pekín recorta tasas para estimular la economía,"Pekín. El Banco Central de China anunció ayer nuevas medidas para impulsar la economía, mediante un recorte de diferentes tasas de interés, incluida una de referencia e hipotecaria, así como una reducción del depósito que los bancos deben mantener como reserva.",Economia,https://www.jornada.com.mx/2024/09/25/economia/020n2eco?partner=rss,25/09/2024
La Jornada,Carlos Fernández-Vega: México SA,"En reiteradas ocasiones, el presidente López Obrador propuso a la trasnacional estadunidense Vulcan Materials consensuar, negociar, llegar a acuerdos, para poner fin a la devastación ecológica que, desde tiempos de Miguel de la Madrid y con el visto bueno de los otros cinco gobiernos neoliberales, su empresa Calica llevó a cabo por cerca de cuatro décadas–originalmente en sociedad con Ingenieros Civiles Asociados (ICA)– en la zona de Playa del Carmen, Quintana Roo, en donde obtenía piedra caliza para exportarla masivamente a Estados Unidos. El consorcio sistemáticamente se negó, recurrió a instancias internacionales y se plantó en su macho de que de ahí nadie la sacaba.",Economia,https://www.jornada.com.mx/2024/09/25/opinion/022o1eco?partner=rss,25/09/2024
Expansión,Es poco probable que México pierda grado de inversión: Moody's,"La agencia señala que un mayor déficit fiscal, absorber deuda de Pemex y un bajo crecimiento sí pueden impactar su calidad crediticia.",Economia,https://expansion.mx/economia/2024/09/25/poco-probable-mexico-pierda-grado-inversion-moodys,25/09/2024
Expansión,Revolut planea operar en los primeros meses de 2025,"Juan Guerra, director general de la firma, dijo que espera arrancar operaciones el siguiente año con una cuenta de débito nivel 4 y transferencias internacionales.",Economia,https://expansion.mx/economia/2024/09/25/revolut-planea-operar-en-los-primeros-meses-de-2025,25/09/2024
Expansión,"Pemex requerirá 50,200 mdd en los tres primeros años de Sheinbaum, prevé Moody's","Sin el apoyo del gobierno la calificación real de Pemex sería una Ca, es decir con un 80% de incumplimiento de sus compromisos financieros.",Economia,https://expansion.mx/economia/2024/09/25/pemex-requerira-50-200-mdd-primeros-anos-sheinbaum-moodys,25/09/2024
Expansión,La Condusef alerta por suplantación de identidad de 24 financieras,Veinticuatro instituciones debidamente constituidas han reportado la suplantación de su identidad para cometer fraudes entre los usuarios.,Economia,https://expansion.mx/economia/2024/09/25/condusef-alerta-por-suplantacion-de-identidad-de-financieras,25/09/2024
Expansión,¿Abren los bancos el 1 de octubre? Esto dice el calendario de la CNBV,"El 1 de octubre, Claudia Sheinbaum toma posesión como la primera presidenta de México, esto implica un suceso de trascendencia nacional, por lo cual la mayoría de los empleados descansará.",Economia,https://expansion.mx/economia/2024/09/25/abren-bancos-1-octubre-2024-calendario-cnbv,25/09/2024
Expansión,Mercado Pago lo hace oficial: presentó solicitud para ser banco digital,La cuenta digital busca la aprobación de licencia bancaria ante la Comisión Nacional Bancaria y de Valores para ofrecer servicios de banca múltiple.,Economia,https://expansion.mx/economia/2024/09/25/mercado-pago-banco-mexico-permiso-cnbv,25/09/2024
Expansión,Banxico sólo tiene espacio para hacer recorte de 25 puntos,Los analistas consideran que el banco central debe tener cautela al bajar tasas en periodos de volatilidad y descartan que hagan un recorte de 50 puntos como lo hizo la Reserva Federal.,Economia,https://expansion.mx/economia/2024/09/25/por-que-banxico-no-puede-hacer-recortes-50-puntos-tasa,25/09/2024
Expansión,La OCDE ajusta a la baja su previsión del PIB para México,"De acuerdo con el organismo, la economía mexicana crecerá 1.4% este año, 0.8% menos que en la previsión anterior.",Economia,https://expansion.mx/economia/2024/09/25/ocde-crecimiento-pib-mexico-2024-1-4,25/09/2024
Expansión,BBVA mantiene su confianza en México ante la transición presidencial,"El país sigue siendo atractivo a largo plazo gracias a su estructura de costos y apalancamiento en comparación con Estados Unidos, dijo Onur Genç, consejero delegado de BBVA.",Economia,https://expansion.mx/economia/2024/09/25/bbva-mantiene-su-confianza-en-mexico-ante-la-transicion-presidencial,25/09/2024
Expansión,China recorta otra tasa de interés para impulsar la economía,"El interés de los préstamos a un año concedidos a las instituciones financieras se redujo del 2.3 al 2%, informó el banco central.",Economia,https://expansion.mx/economia/2024/09/25/china-recorta-otra-tasa-de-interes-para-impulsar-la-economia,25/09/2024
Expansión,La austeridad selectiva predominó en el gobierno de AMLO,"Más que recortes a gastos onerosos o generar ahorros, el gasto público llegó a niveles récord, obedeciendo a prioridades y obligaciones del gobierno a cargo de Andrés Manuel López Obrador.",Economia,https://expansion.mx/economia/2024/09/25/austeridad-gobierno-amlo,25/09/2024
Expansión,Mexicanos gastan 12% más en bebidas energéticas,Datos de Kantar muestran que en los últimos años ha aumentado tanto el número de litros comprados como el precio de este tipo de bebidas.,Economia,https://expansion.mx/economia/2024/09/24/mexicanos-gastan-12-mas-en-bebidas-energeticas,24/09/2024
Expansión,Trump amaga con arancel de 100% a autos que entren por la frontera con México,El candidato presidencial dijo que la única manera de que se libren de esa cuota es si quieren construir una planta en Estados Unidos.,Economia,https://expansion.mx/economia/2024/09/24/trump-amaga-arancel-100-autos-entren-frontera-mexico,24/09/2024
Expansión,"Cetes a dos años reducen rendimientos a un dígito, anticipa recorte de Banxico","Todos los plazos de los Cetes redujeron sus ganancias, pero el plazo de dos años ofrece la tasa más baja de 9.92%, a la espera de que Banxico haga un nuevo recorte.",Economia,https://expansion.mx/economia/2024/09/24/cetes-a-dos-anos-reducen-rendimientos-a-un-digito-anticipa-recorte-de-banxico,24/09/2024
Expansión,Openbank lanza su lista de espera para clientes mexicanos,Openbank México abre en su sitio web la lista de espera para aquellos usuarios que quieran acceder a la oferta de este nuevo banco digital.,Economia,https://expansion.mx/economia/2024/09/24/openbank-lanza-lista-de-espera-para-clientes-mexicanos,24/09/2024
Expansión,"Banco Mundial logra récord de 56,000 mdd en inversiones CFI","Para el ejercicio financiero que finalizará en julio de 2025, el Banco Mundial buscará centrar sus esfuerzos en infraestructura, particularmente en carreteras y transporte.",Economia,https://expansion.mx/economia/2024/09/24/banco-mundial-creditos-cfi-record-56-000-mdd,24/09/2024
Expansión,China presenta medidas de relajación monetaria para reactivar la economía,"El Banco Popular de China recortará el tipo de interés de las operaciones dobles a siete días en 0.2 puntos porcentuales, hasta el 1.5%.",Economia,https://expansion.mx/economia/2024/09/24/china-presenta-medidas-reactivacion-de-economia,24/09/2024
Expansión,"Inflación sigue a la baja, en la primera mitad de septiembre se ubicó en 4.66%","El índice subyacente terminó la primera quincena de septiembre en 3.95% y el no subyacente en 6.73%, de acuerdo con datos publicados por el Inegi.",Economia,https://expansion.mx/economia/2024/09/24/inflacion-en-mexico-sigue-a-la-baja-inpc-septiembre,24/09/2024
Expansión,"Fomentar vivienda de interés social y eliminar corrupción, retos del Infonavit","Analistas señalan que el instituto tiene pendientes en materia de avanzar en la digitalización y la agilización de trámites, así como en mejorar los rendimientos en la subcuenta de vivienda.",Economia,https://expansion.mx/economia/2024/09/24/pendientes-logros-infonavit,24/09/2024
Expansión,Denuncian a Visa por monopolio en Estados Unidos,"El Departamento de Justicia de Estados Unidos busca denunciar a la empresa  por monopolio en el mercado de tarjetas de débito, de acuerdo con un reporte de Blomberg.",Economia,https://expansion.mx/economia/2024/09/23/denuncian-a-visa-por-monopolio-en-estados-unidos,24/09/2024
Expansión,Empresas de EU reactivarán anuncios de inversión; confían en Sheinbaum,"Tras detener un anuncio importante de inversión por la reforma judicial, la American Society of Mexico informó que en próximas fechas se retomará, pero con cautela.",Economia,https://expansion.mx/economia/2024/09/23/empresas-de-eu-reactivaran-anuncios-de-inversion-confian-en-sheinbaum,23/09/2024
Expansión,El endeudamiento de mexicanos en el exterior representa 35% del PIB,El Banco de México (Banxico) dio a conocer que en el segundo trimestre del año se redujo el endeudamiento del mundo desde el 42% reportado en el primer trimestre.,Economia,https://expansion.mx/economia/2024/09/23/deuda-de-mexicanos-en-el-exterior-representa-35-del-pib,23/09/2024
Expansión,Las auditorías dan ingresos por 3.5 billones de pesos al SAT,"De estos recursos, 1.426 billones de pesos se obtuvieron por auditorías a grandes contribuyentes, informa el fisco.",Economia,https://expansion.mx/economia/2024/09/23/auditorias-dan-al-sat-ingresos-por-3-5-billones-de-pesos,23/09/2024
Expansión,Economía mexicana crece 0.6% en julio,Las actividades primarias encabezaron el crecimiento económico del país durante el séptimo mes del año.,Economia,https://expansion.mx/economia/2024/09/23/economia-mexicana-crece-tercer-mes-consecutivo,23/09/2024
Expansión,Una jubilación digna se complica cada vez más para los mexicanos,"Una quinta parte de los empleados en el país contempla jubilarse a los 66 años o más, mientras que otro 86% admite ahorrar menos de lo que debería hacerlo en la actualidad.",Economia,https://expansion.mx/economia/2024/09/23/jubilacion-digna-se-complica-para-los-mexicanos,23/09/2024
Expansión,El plan de sustituir importaciones de Asia con el nearshoring se torna difícil,"En los primeros siete meses del año, las importaciones de México desde Asia alcanzaron los 141,219 millones de dólares; China representa 51% del total.",Economia,https://expansion.mx/economia/2024/09/23/plan-sustituir-importaciones-asia-nearshoring-dificil,23/09/2024
Expansión,Carlos Slim critica el sistema de pensiones en México y pide combatir la pobreza,El hombre más rico de México dice que los recursos que reciben actualmente los mayores de 65 años debería usarse para sacar a 6 millones de personas de la pobreza extrema.,Economia,https://expansion.mx/economia/2024/09/22/carlos-slim-critica-pensiones,22/09/2024
Expansión,"Anuncios de inversión en México suman 59,900 mdd en primeros nueve meses de 2024",La Secretaría de Economía identifica 197 anuncios públicos entre enero y septiembre. Estados Unidos encabeza los anuncios.,Economia,https://expansion.mx/economia/2024/09/22/anuncios-de-inversion-en-mexico-suman-59-900-mdd-en-primeros-nueve-meses-de-2024,22/09/2024
Expansión,China sufre por exceso... de leche,"El mercado de leche en China enfrenta una situación complicada por el exceso de oferta, la baja demanda y las pérdidas millonarias.",Economia,https://expansion.mx/economia/2024/09/20/china-sufre-por-exceso-de-leche,20/09/2024
Expansión,"EU pide ""implementación rigurosa"" de plan de certificación de aguacate de México","Las ventas de aguacate mexicano a Estados Unidos se han disparado 48% desde 2019, hasta alcanzar un valor de más de 3,000 millones de dólares el año pasado.",Economia,https://expansion.mx/economia/2024/09/20/eu-implementacion-rigurosa-certificacion-aguacate-mexico,20/09/2024
Expansión,Banqueros piden evitar arbitraje regulatorio con licencias bancarias,El presidente de la ABM dijo que los productos que ofrece cada una de las instituciones financieras deben tener una regulación igual para mantener el incentivo de inversión en el país.,Economia,https://expansion.mx/economia/2024/09/20/banqueros-evitar-arbitraje-regulatorio-licencias-bancarias,20/09/2024
Expansión,Banqueros esperan que leyes secundarias de reforma judicial den certidumbre,"Tras la aprobación de la reforma al Poder Judicial,  los banqueros esperan que en las leyes secundarias se afinen detalles que permitan una reforma ""exitosa"".",Economia,https://expansion.mx/economia/2024/09/20/banqueros-leyes-secundarias-certidumbre-reforma-judicial,20/09/2024
Expansión,Eliminación de subsidios a gasolinas impedirá bajas en sus precios,"La medida de disminución de los estímulos fiscales obedece más a la necesidad de incrementar la recaudación de impuestos para reducir el déficit fiscal, consideran especialistas.",Economia,https://expansion.mx/economia/2024/09/20/por-que-no-baja-el-precio-de-la-gasolina-en-mexico,20/09/2024
Expansión,México impugnará fallo que determina pago de 37 mdd a Odyssey Marine Exploration,"La empresa estadounidense ganó un arbitraje internacional contra México, pues se consideró que Semarnat negó arbitrariamente un permiso para un proyecto minero marino en Baja California Sur.",Economia,https://expansion.mx/economia/2024/09/19/mexico-impugnara-fallo-pago-de-37-mdd-odyssey-marine,20/09/2024
Expansión,El 24% de los créditos hipotecarios es cofinanciado con Infonavit y Fovissste,"La Asociación de Bancos de México dijo que de enero a julio de este año, 16,100 créditos que ha dado la banca han tenido cofinanciamiento con los institutos para trabajadores.",Economia,https://expansion.mx/economia/2024/09/19/creditos-hipotecarios-cofinanciados-infonavit-fovissste,19/09/2024
Expansión,"Yellen considera ""señal muy positiva"" recorte de tasas de la Fed","La medida ""refleja confianza de parte de la Fed en que la inflación cedió y está en camino hacia la meta de 2% (anual)"", expresó la secretaria del Tesoro de EU.",Economia,https://expansion.mx/economia/2024/09/19/yellen-considera-senal-muy-positiva-recorte-de-tasas-de-fed,19/09/2024
Expansión,La CNBV buscará regular reportes de ciberseguridad,El regulador busca que todas las empresas que ofrezcan un servicio financiero deban homologar los criterios para reportar cuando han sido víctimas de un ataque cibernético.,Economia,https://expansion.mx/economia/2024/09/19/la-cnbv-buscara-regular-reportes-de-ciberseguridad,19/09/2024
Expansión,Recorte de la Fed da margen de maniobra a Banco de México,"Tras la decisión de política monetaria del banco central estadounidense, Banxico tiene oportunidad de mantener el amplio diferencial de tasas, aseguran analistas.",Economia,https://expansion.mx/economia/2024/09/19/recorte-fed-margen-maniobra-banxico-politica-monetaria,19/09/2024
Expansión,Claudia Sheinbaum se reunirá con empresarios de Estados Unidos en octubre,"En medio de voces empresariales que dicen que las inversiones se han detenido por la reforma judicial, Marcelo Ebrard anunció la asistencia de la próxima presidenta de México en el CEO Dialogue.",Economia,https://expansion.mx/economia/2024/09/18/ebrard-anuncia-sheinbaum-reunion-empresas-de-eu,18/09/2024
Expansión,¿Dónde hay mayor brecha salarial por género en México?,"Banxico realizó un análisis de las brechas salariales de género en las regiones de México, los resultados demuestran que el norte es donde hay mayor diferencia de remuneración entre hombres y mujeres.",Economia,https://expansion.mx/economia/2024/09/18/brecha-salarial-por-genero-en-mexico,18/09/2024
Expansión,¿Por qué es importante tener un seguro para tu negocio?,"Un seguro no solo cubre los daños materiales, sino que también puede asegurar la continuidad de las operaciones en caso de un siniestro, destaca la AMIS.",Economia,https://expansion.mx/economia/2024/09/18/por-que-es-importante-tener-un-seguro-para-tu-negocio,18/09/2024
Expansión,Peligra economía de México si Trump gana y cumple con aranceles: Moody's,La agencia calificadora anticipa que la economía mexicana sufriría una recesión en 2025 y una mayor inflación.,Economia,https://expansion.mx/economia/2024/09/18/economia-de-mexico-peligra-recesion-si-gana-trump,18/09/2024
Expansión,"RappiCard alcanza los 5,107 millones de pesos en su cartera de crédito",La empresa resalta que parte de su estrategia es ofrecer un proceso de solicitud y aprobación en solo dos minutos y una entrega de la tarjeta física en 30 minutos.,Economia,https://expansion.mx/economia/2024/09/18/rappicard-alcanza-5107-mdp-cartera-de-credito,18/09/2024
Expansión,"Fed baja tasas medio punto porcentual; aduce ""confianza"" en control de inflación",Los responsables de la política monetaria prevén que el tipo de referencia de la Reserva Federal caiga otro medio punto porcentual a finales de este año.,Economia,https://expansion.mx/economia/2024/09/18/fed-baja-tasas-medio-punto-porcentual-aduce-confianza-en-control-de-inflacion,18/09/2024
Expansión,Mercado Pago recibe financiamiento de JP Morgan para apoyar a Pymes mexicanas,La plataforma logra un acuerdo con el banco de inversión de 250 millones de dólares para apoyar a pequeños negocios en el país.,Economia,https://expansion.mx/economia/2024/09/18/mercado-pago-recibe-financiamiento-de-jp-morgan,18/09/2024
Expansión,El número de súper ricos se dispara en Estados Unidos y China,La población China con al menos 100 millones de dólares en sus cuentas se ha duplicado en los últimos 10 años.,Economia,https://expansion.mx/economia/2024/09/18/paises-con-mas-super-ricos,18/09/2024
Expansión,Infonavit maneja 2.4 billones de pesos en activos: Carlos Martínez,"Los fondos del instituto han aumentado por los aumentos salariales, las mayores aportaciones patronales, la fiscalización a empresas, los programas de regularización de créditos.",Economia,https://expansion.mx/economia/2024/09/18/cuanto-dinero-maneja-el-infonavit,18/09/2024
Expansión,El impacto del nearshoring y las tendencias laborales según MetLife México,"La escasez de talento calificado, la importancia de beneficios competitivos y la necesidad de una cultura organizacional sólida son los principales desafíos a los que se enfrentan las empresas",Economia,https://expansion.mx/economia/2024/09/18/el-impacto-nearshoring-mexico-tendencias-laborales-metlife,18/09/2024
Expansión,"Sofipos ven oportunidades en su figura, a pesar de la migración bancaria","La Asociación Mexicana de Sofipos (AMS) considera que con una nueva regulación, las instituciones pueden seguir creciendo con ayuda de la regulación y la tecnología.",Economia,https://expansion.mx/economia/2024/09/18/sofipos-ven-oportunidades-en-su-figura-a-pesar-de-la-migracion-bancaria,18/09/2024
Expansión,Las Afores registran ganancias en agosto; las más altas en 9 meses,"Las Afores registraron plusvalías de 231,284.6 millones de pesos en agosto, el monto más alto desde noviembre del año pasado.",Economia,https://expansion.mx/economia/2024/09/17/afores-plusvalias-record-2024,18/09/2024
Expansión,Estos son los juegos gratis de PlayStation Plus en octubre de 2024,Sony presentó el catálogo de videojuegos que llegarán a su suscripción y a partir de cuándo estarán disponibles.,Ciencia y Tecnología,https://expansion.mx/tecnologia/2024/09/25/juegos-gratis-ps-plus-octubre-2024,26/09/2024
Expansión,Caso FTX: el rol Caroline Ellison en el fraude y por el que pasará 2 años presa,"La exdirectora de Alameda Research, el fondo de cobertura personal de Bankman-Fried, también deberá pagar una multa de 11,000 mdd.",Ciencia y Tecnología,https://expansion.mx/tecnologia/2024/09/25/caso-ftx-caroline-ellison-fraude,25/09/2024
Expansión,Altán Redes confía en que el gobierno de Sheinbaum robustecerá la conectividad,"Carlos Lerma, CEO de Altán, dice estar “positivo de lo que vendrá en los próximos años” en conectividad, debido a que la provisión de internet será uno de los ejes principales de Claudia Sheinbaum.",Ciencia y Tecnología,https://expansion.mx/tecnologia/2024/09/25/altan-redes-confia-sheinbaum-robustecera-conectividad,25/09/2024
Expansión,"Mira Murati, CTO de OpenAI, deja la empresa","El 2024 ha sido un año complicado para la startup de Inteligencia Artificial, pues varios de sus ejecutivos y fundadores han renunciado.",Ciencia y Tecnología,https://expansion.mx/tecnologia/2024/09/25/mira-murati-cto-de-openai-deja-la-empresa,25/09/2024
Expansión,Telmex suspende a Sebog servicio de resguardo de información por impagos,"Triara, división de Centros de Datos de Telmex, suspendió los servicios de resguardo de información a Gobernación por el impago de 63.7 millones de pesos.",Ciencia y Tecnología,https://expansion.mx/tecnologia/2024/09/25/telmex-corta-servicio-segob,25/09/2024
Expansión,"Meta presenta el Quest 3S, la versión ""económica"" de su visor de realidad mixta",Meta calificó a este dispositivo como el proveedor de  “experiencias increíbles a un precio inigualable”.,Ciencia y Tecnología,https://expansion.mx/tecnologia/2024/09/25/meta-quest-3s-precio-y-specs,25/09/2024
Expansión,Google demanda a Microsoft por supuesto monopolio en la nube,"La denuncia fue presentada ante la Comisión Europea, según anunció el propio Google.",Ciencia y Tecnología,https://expansion.mx/tecnologia/2024/09/25/google-demanda-microsoft-monopolio-nube,25/09/2024
Expansión,YouTube lanza una nueva herramienta para ayudarte en una emergencia médica,"A través de su división Health, la plataforma de videos colaboró con instituciones certificadas, como la Cruz Roja, para dar información sobre situaciones de urgencia.",Ciencia y Tecnología,https://expansion.mx/tecnologia/2024/09/25/youtube-health-nueva-herramienta-para-emergencias-medicas,25/09/2024
Expansión,Samsung abre sus puertas: así conviven humanos y brazos mecánicos,"Lo que comenzó como una planta de producción de refrigeradores, hoy es uno de los centros más importantes para Samsung en el mundo.",Ciencia y Tecnología,https://expansion.mx/tecnologia/2024/09/25/samsung-abre-sus-puertas-asi-conviven-humanos-y-brazos-mecanicos,25/09/2024
Expansión,IFT prevé publicar nuevas medidas regulatorias para América Móvil en noviembre,El regulador tiene como obligación revisar cada dos años las medidas regulatorias de la compañía controlada por Carlos Slim para verificar si han generado competencia en las telecomunicaciones.,Ciencia y Tecnología,https://expansion.mx/tecnologia/2024/09/24/ift-preve-publicar-nuevas-medidas-regulatorias-america-movil,24/09/2024
Expansión,"El IFT pedirá 1,680 mdp de presupuesto pese a reforma para eliminar a autónomos",El regulador aseguró que la partida que solicitará a Hacienda es la misma que le fue aprobada para este año e incluso más baja si se toma en cuenta la inflación.,Ciencia y Tecnología,https://expansion.mx/tecnologia/2024/09/24/ift-pedira-1-680-mdp-de-presupuesto-pese-a-reforma,24/09/2024
Expansión,Meta sumará voces como la de John Cena a su chatbot,La nueva función de audio ofrecerá a los usuarios la opción de seleccionar una voz para su asistente digital.,Ciencia y Tecnología,https://expansion.mx/tecnologia/2024/09/24/meta-sumara-voces-como-la-de-john-cena-a-su-chatbot,24/09/2024
Expansión,"Microsoft confía en México; invertirá 1,300 mdd para ampliar su alcance en IA","El CEO de la compañía, Satya Nadella, destacó que este capital será para mejorar las capacidades de nube e IA en la región.",Ciencia y Tecnología,https://expansion.mx/tecnologia/2024/09/24/microsoft-invertira-1-300-mdd-mexico-ampliar-alcance-ia,24/09/2024
Expansión,Guía para elegir el mejor antivirus para tu celular,Los ataques a teléfonos inteligentes cada vez son más comunes y aquí te decimos qué debes tener en cuenta a la hora de elegir la mejor protección.,Ciencia y Tecnología,https://expansion.mx/tecnologia/2024/09/24/guia-para-elegir-el-mejor-antivirus-para-tu-celular,24/09/2024
Expansión,"La IA ayuda a las industrias a ahorrar hasta 35,000 dólares por hora","A través de diferentes sensores y softwares de IA, empresas como Tractian han logrado rastrear los sonidos de las máquinas e interpretarlas en posibles fallas técnicas.",Ciencia y Tecnología,https://expansion.mx/tecnologia/2024/09/24/asi-ayuda-ia-industrias-ahorrar-hasta-35-000-dolares,24/09/2024
Expansión,Netflix y Prime Video de Amazon lideran quejas del streaming,"A agosto de este año, ambas empresas recibieron inconformidades por parte de los usuarios por cobros indebidos y alteración de precios, aseguró Profeco a Expansión a través de transparencia.",Ciencia y Tecnología,https://expansion.mx/tecnologia/2024/09/23/plataformas-de-streaming-con-mas-quejas-profeco,23/09/2024
Expansión,¿Qué son y cómo funcionan las nuevas categorías de Canales en WhatsApp?,"Con la nueva organización del directorio de Canales, WhatsApp pretende hacer más sencilla la navegación para los usuarios.",Ciencia y Tecnología,https://expansion.mx/tecnologia/2024/09/23/nuevas-categorias-de-canales-en-whatsapp,23/09/2024
Expansión,"Intel, el nuevo objeto del deseo en la industria tech","La empresa pionera de la industria de los chips ha sido objeto de nuevos rumores sobre una posible adquisición por parte de Qualcomm, así como inversiones de firmas de capital.",Ciencia y Tecnología,https://expansion.mx/tecnologia/2024/09/23/intel-el-nuevo-objeto-del-deseo-en-la-industria-tech,23/09/2024
Expansión,"India, el país que quiere ser potencia en la industria de semiconductores","Estados Unidos y la India anunciaron una alianza para construir una planta de chips en este país, algo que el gobierno de Biden definió como un “punto de inflexión”.",Ciencia y Tecnología,https://expansion.mx/tecnologia/2024/09/23/india-quiere-ser-potencia-en-la-industria-de-semiconductores,23/09/2024
Expansión,AMLO busca convertir a CFE Telecom en una empresa pública,"La iniciativa de reforma quiere que CFE TEIT sea la principal compañía en proveer internet a todo el país, respecto a sus competidores, cambiando su estatus de estatal a pública.",Ciencia y Tecnología,https://expansion.mx/tecnologia/2024/09/23/amlo-busca-convertir-a-cfe-telecom-en-una-empresa-publica,23/09/2024
Expansión,CFE Telecom perfila a nuevo CEO para impulsar el proyecto de internet,"Según dos fuentes con conocimiento del tema, al interior de la compañía se ha puesto sobre la mesa el nombre de Emiliano Calderón Mercado para ser el nuevo CEO de la estatal de telecomunicaciones.",Ciencia y Tecnología,https://expansion.mx/tecnologia/2024/09/22/cfe-telecom-perfila-nuevo-ceo,22/09/2024
Expansión,Cómo Caliente pasó de anunciar apuestas a transmitir la Champions League,La compañía ha entrado a la ‘guerra del streaming deportivo’ para captar una parte de este nicho de mercado y con ello consolidar su principal negocio: las apuestas.,Ciencia y Tecnología,https://expansion.mx/tecnologia/2024/09/22/caliente-champions-league,22/09/2024
Expansión,Esta es la audiencia que quiere conquistar el iPhone 16,"Apple es consciente de que muchos usuarios de iPhone 15 difícilmente van a renovar su smartphone, pero hay un segmento al que pueden seducir.",Ciencia y Tecnología,https://expansion.mx/tecnologia/2024/09/20/iphone-16-esta-es-la-audiencia-que-quiere-conquistar,20/09/2024
Expansión,Microsoft usará energía nuclear para alimentar su Inteligencia Artificial,El acuerdo entre Microsoft y Constellation Energy permitirá reactivar una unidad de la planta nuclear Three Mile Island para cubrir las crecientes necesidades energéticas.,Ciencia y Tecnología,https://expansion.mx/tecnologia/2024/09/20/microsoft-energia-nuclear-inteligencia-artificial,20/09/2024
Expansión,La ONU formula siete recomendaciones para regular la IA,La ONU creó el año pasado un órgano consultivo de 39 miembros para abordar los problemas de la regulación internacional de la IA.,Ciencia y Tecnología,https://expansion.mx/tecnologia/2024/09/20/la-onu-formula-siete-recomendaciones-para-regular-la-ia,20/09/2024
Expansión,"La IA decide si eres o no apto para un trabajo, ¿qué hacer para que te vea?","Aunque la IA sí ha demostrado que puede ser una aliada en los espacios donde se aplica, los sesgos que puede presentar aún son un inconveniente.",Ciencia y Tecnología,https://expansion.mx/tecnologia/2024/09/20/la-ia-decide-si-eres-o-no-apto-para-un-trabajo-que-hacer-para-que-te-vea,20/09/2024
Expansión,Amazon Prime y MGM Studios se unen a la MPA,Las empresas de entretenimiento se unen a otras como Netflix o Paramount Pictures.,Ciencia y Tecnología,https://expansion.mx/tecnologia/2024/09/19/amazon-prime-y-mgm-studios-se-unen-a-la-mpa,19/09/2024
Expansión,Amazon lanza un nuevo bot que te ayudará a crecer las ventas,La empresa dio a conocer a Amelia para obtener los datos de venta e inventario de un negocio que está en la plataforma.,Ciencia y Tecnología,https://expansion.mx/tecnologia/2024/09/19/amazon-lanza-un-nuevo-bot-que-te-ayudara-a-crecer-las-ventas,19/09/2024
Expansión,PlayStation lanza edición limitada con aspecto noventero,"Esta consola evoca al aspecto del primer equipo, lanzado por Sony en 1994, y forma parte de la celebración por sus 30 años.",Ciencia y Tecnología,https://expansion.mx/tecnologia/2024/09/19/playstation-lanza-edicion-limitada-30-aniversario,19/09/2024
Expansión,Usuarios reportan que la alerta sísmica nunca llegó a sus celulares,El IFT había asegurado que hoy las empresas enviarían mensajes de emergencia por sismos pero nunca llegaron. Telcel asegura que las alertas dependen del regulador.,Ciencia y Tecnología,https://expansion.mx/tecnologia/2024/09/19/por-que-no-me-llego-mensaje-alerta-sismica-celular,19/09/2024
Expansión,TelevisaUnivision nombra como nuevo CEO a un exdirectivo de Google,"Se trata de Daniel Alegre, en sustitución de Wade Davis,  quien cuenta con una amplia experiencia en empresas de tecnología y trabajando con la comunidad hispana en EU, México y América Latina.",Ciencia y Tecnología,https://expansion.mx/tecnologia/2024/09/19/televisaunivision-nuevo-ceo-exdirectivo-de-google,19/09/2024
Expansión,Inversión en conectividad no caerá pese a política judicial: Neutral Networks,"El CEO de la compañía Neutral Networks, enfocada en infraestructura crítica, dijo que la necesidad de conectividad a nivel usuario como empresa será más fuerte que agendas políticas.",Ciencia y Tecnología,https://expansion.mx/tecnologia/2024/09/19/reforma-judicial-riesgo-confianza-invertir-telecomunicaciones,19/09/2024
Expansión,Nintendo y The Pokémon Company demandan al creador de Palworld,"Las empresas japonesas iniciaron una acción legal en contra de Pocketpair, debido a infracciones de patentes al desarrollar el llamado “Pokémon con armas”.",Ciencia y Tecnología,https://expansion.mx/tecnologia/2024/09/19/nintendo-y-the-pokemon-company-demandan-al-creador-de-palworld,19/09/2024
Expansión,TelevisaUnivisión sustituirá a Wade Davis como director general,La empresa decidió sustituir a Davis por Daniel Alegre debido a algunos de los resultados de la compañía que cayeron por debajo de las expectativas internas.,Ciencia y Tecnología,https://expansion.mx/tecnologia/2024/09/18/televisaunivision-sustituira-a-wade-davis-como-director-general,19/09/2024
Expansión,YouTube presenta IA para hacer videos y ganar ‘más’ dinero,La empresa llevo a cabo Made on YouTube un evento donde también señaló que el número de creadores que obtienen la mayor parte de sus ingresos viene de TV.,Ciencia y Tecnología,https://expansion.mx/tecnologia/2024/09/18/youtube-presenta-ia-para-hacer-videos-y-ganar-mas-dinero,18/09/2024
Expansión,La IA generativa transforma la operación y los ingresos empresariales,"El uso de IA generativa ha crecido en diversos sectores, impulsando la innovación y facilitando nuevas formas de operar en las organizaciones.",Ciencia y Tecnología,https://expansion.mx/tecnologia/2024/09/18/ia-generativa-transforma-operacion-e-ingresos-empresariales,18/09/2024
Expansión,Amazon agrega a PayPal como método de pago en pedidos de Comprar con Prime,"Esta nueva opción estará disponible para los usuarios que realicen compras en sitios web de terceros, con membresía Prime.",Ciencia y Tecnología,https://expansion.mx/tecnologia/2024/09/18/amazon-agrega-a-paypal-como-metodo-de-pago-prime,18/09/2024
Expansión,"Google se salva de una multa antimonopolio de 1,670 mmd",El caso comenzó por un supuesto dominio anticompetitivo de la empresa en el mercado de la publicidad en línea.,Ciencia y Tecnología,https://expansion.mx/tecnologia/2024/09/18/google-se-salva-de-una-multa-presunto-monopolio,18/09/2024
Expansión,El e-commerce chino conquista las bolsas de valores,"Los dueños de Alibaba, Temu y JD conquistan el e-commerce del mundo, mientras diversifican sus negocios.",Ciencia y Tecnología,https://expansion.mx/tecnologia/2024/09/18/el-e-commerce-chino-conquista-las-bolsas-de-valores,18/09/2024
Expansión,¿Cómo funciona el canje de teléfonos de Mercado Libre?,"Mercado Libre lanzó un nuevo programa llamado Trade in smartphones, con el que puedes canjear tu antiguo celular por un modelo nuevo.",Ciencia y Tecnología,https://expansion.mx/tecnologia/2024/09/17/canje-de-telefonos-mercado-libre,18/09/2024
Expansión,Malware en Android permite retirar dinero desde cajeros automáticos,"NGate clona datos NFC de tarjetas de pago y los retransmite a un atacante, quien emula la tarjeta original para realizar retiros de dinero en cajeros automáticos.",Ciencia y Tecnología,https://expansion.mx/tecnologia/2024/09/17/malware-android-clona-tarjetas-retira-dinero-de-cajeros,18/09/2024
Expansión,"Uber y Didi operan en los mismos sitios del AICM, pese a restricciones",Los usuarios continúan pidiendo el servicio de taxis por aplicación y Uber apunta que continuará operando con regularidad.,Ciencia y Tecnología,https://expansion.mx/tecnologia/2024/09/17/uber-didi-operan-aicm-pese-a-restricciones,17/09/2024
Expansión,TikTok vs EU: una historia de antaño que no tiene fin claro,"Aunque la prohibición llegaría en enero de 2025, la empresa interpuso una demanda para evitar su restricción, mientras que los candidatos a la presidencia tampoco la quieren bloquear.",Ciencia y Tecnología,https://expansion.mx/tecnologia/2024/09/17/tiktok-vs-eu-una-historia-de-antano-que-no-tiene-fin-claro,17/09/2024
Expansión,Cómo crear un diario personal con la IA de WhatsApp,"La inteligencia artificial de WhatsApp, Meta AI, puede aprovecharse para realizar y simplificar diferentes tareas. Aquí te explicamos cómo crear un diario personal",Ciencia y Tecnología,https://expansion.mx/tecnologia/2024/09/17/diario-personal-ia-whatsapp,17/09/2024
Expansión,Alerta sísmica llegará a los teléfonos el próximo 19 de septiembre: IFT,"Telcel, AT&amp;T, Telefónica y Bait comenzarán a enviar notificaciones de emergencia  por sismos, huracanes o inundaciones en celulares.",Ciencia y Tecnología,https://expansion.mx/tecnologia/2024/09/17/ift-mensaje-celulares-simulacro-nacional,17/09/2024
Expansión,"iOS 18, qué incluye esta nueva versión y cómo actualizar tu iPhone","Aunque todavía no se ha integrado Apple Intelligence, esta actualización al sistema operativo integra una serie de mejoras.",Ciencia y Tecnología,https://expansion.mx/tecnologia/2024/09/17/ios-18-que-incluye-esta-nueva-version-y-como-actualizar-tu-iphone,17/09/2024
